TABLE_SCHEMA,TABLE_NAME,COLUMN_NAME,ORDINAL_POSITION,COLUMN_DEFAULT,IS_NULLABLE,DATA_TYPE,CHARACTER_MAXIMUM_LENGTH,COLUMN_TYPE,COLUMN_KEY,EXTRA
chul_09_db,G0_Gbun,id,1,,NO,int,,int(11),PRI,auto_increment
chul_09_db,G0_Gbun,hcode,2,,YES,varchar,5,varchar(5),MUL,
chul_09_db,G0_Gbun,gcode,3,,YES,varchar,5,varchar(5),MUL,
chul_09_db,G0_Gbun,gname,4,,YES,varchar,20,varchar(20),,
chul_09_db,G0_Gbun,check,5,,YES,char,1,char(1),,
chul_09_db,G0_Gbun,gmemo,6,CURRENT_TIMESTAMP,NO,timestamp,,timestamp,,on update CURRENT_TIMESTAMP
chul_09_db,G1_Gbun,id,1,,NO,int,,int(11),PRI,auto_increment
chul_09_db,G1_Gbun,hcode,2,,YES,varchar,5,varchar(5),MUL,
chul_09_db,G1_Gbun,gcode,3,,YES,varchar,5,varchar(5),,
chul_09_db,G1_Gbun,gname,4,,YES,varchar,20,varchar(20),,
chul_09_db,G1_Gbun,check,5,,YES,char,1,char(1),,
chul_09_db,G1_Gbun,gmemo,6,CURRENT_TIMESTAMP,NO,timestamp,,timestamp,,on update CURRENT_TIMESTAMP
chul_09_db,G1_Ggeo,id,1,,NO,int,,int(11),PRI,auto_increment
chul_09_db,G1_Ggeo,hcode,2,,YES,varchar,5,varchar(5),MUL,
chul_09_db,G1_Ggeo,gubun,3,,YES,varchar,5,varchar(5),,
chul_09_db,G1_Ggeo,jubun,4,,YES,varchar,10,varchar(10),,
chul_09_db,G1_Ggeo,pubun,5,,YES,char,2,char(2),,
chul_09_db,G1_Ggeo,scode,6,,YES,char,1,char(1),,
chul_09_db,G1_Ggeo,gcode,7,,YES,varchar,5,varchar(5),,
chul_09_db,G1_Ggeo,ocode,8,,YES,varchar,5,varchar(5),,
chul_09_db,G1_Ggeo,gname,9,,YES,varchar,50,varchar(50),,
chul_09_db,G1_Ggeo,gposa,10,,YES,varchar,30,varchar(30),,
chul_09_db,G1_Ggeo,gnumb,11,,YES,varchar,12,varchar(12),,
chul_09_db,G1_Ggeo,guper,12,,YES,varchar,30,varchar(30),,
chul_09_db,G1_Ggeo,gjomo,13,,YES,varchar,30,varchar(30),,
chul_09_db,G1_Ggeo,gpost,14,,YES,varchar,7,varchar(7),,
chul_09_db,G1_Ggeo,gadd1,15,,YES,varchar,90,varchar(90),,
chul_09_db,G1_Ggeo,gadd2,16,,YES,varchar,90,varchar(90),,
chul_09_db,G1_Ggeo,gtel1,17,,YES,varchar,4,varchar(4),,
chul_09_db,G1_Ggeo,gtel2,18,,YES,varchar,20,varchar(20),,
chul_09_db,G1_Ggeo,gfax1,19,,YES,varchar,4,varchar(4),,
chul_09_db,G1_Ggeo,gfax2,20,,YES,varchar,20,varchar(20),,
chul_09_db,G1_Ggeo,grat1,21,,YES,int,,int(11),,
chul_09_db,G1_Ggeo,grat2,22,,YES,int,,int(11),,
chul_09_db,G1_Ggeo,grat3,23,,YES,int,,int(11),,
chul_09_db,G1_Ggeo,grat4,24,,YES,int,,int(11),,
chul_09_db,G1_Ggeo,grat5,25,,YES,int,,int(11),,
chul_09_db,G1_Ggeo,grat6,26,,YES,int,,int(11),,
chul_09_db,G1_Ggeo,grat7,27,,YES,int,,int(11),,
chul_09_db,G1_Ggeo,grat8,28,,YES,int,,int(11),,
chul_09_db,G1_Ggeo,grat9,29,,YES,int,,int(11),,
chul_09_db,G1_Ggeo,gqut1,30,,YES,float,,float,,
chul_09_db,G1_Ggeo,yesno,31,,YES,varchar,5,varchar(5),,
chul_09_db,G1_Ggeo,name1,32,,YES,varchar,50,varchar(50),,
chul_09_db,G1_Ggeo,name2,33,,YES,varchar,50,varchar(50),,
chul_09_db,G1_Ggeo,gpper,34,,YES,varchar,20,varchar(20),,
chul_09_db,G1_Ggeo,gbigo,35,,YES,varchar,50,varchar(50),,
chul_09_db,G1_Ggeo,gphon,36,,YES,varchar,50,varchar(50),,
chul_09_db,G1_Ggeo,email,37,,YES,varchar,50,varchar(50),,
chul_09_db,G1_Ggeo,bigo1,38,,YES,varchar,8,varchar(8),,
chul_09_db,G1_Ggeo,bigo2,39,,YES,varchar,4,varchar(4),,
chul_09_db,G1_Ggeo,bigo3,40,,YES,varchar,8,varchar(8),,
chul_09_db,G1_Ggeo,bigo4,41,,YES,varchar,4,varchar(4),,
chul_09_db,G1_Ggeo,gnum1,42,,YES,varchar,10,varchar(10),,
chul_09_db,G1_Ggeo,gnum2,43,,YES,varchar,10,varchar(10),,
chul_09_db,G1_Ggeo,memos,44,,YES,longblob,4294967295,longblob,,
chul_09_db,G1_Ggeo,gssum,45,,YES,float,,float,,
chul_09_db,G1_Ggeo,check,46,,YES,char,1,char(1),,
chul_09_db,G1_Ggeo,gmemo,47,CURRENT_TIMESTAMP,NO,timestamp,,timestamp,,on update CURRENT_TIMESTAMP
chul_09_db,G1_Ggeo_1,id,1,,NO,int,,int(11),PRI,auto_increment
chul_09_db,G1_Ggeo_1,hcode,2,,YES,varchar,5,varchar(5),MUL,
chul_09_db,G1_Ggeo_1,gubun,3,,YES,varchar,5,varchar(5),,
chul_09_db,G1_Ggeo_1,jubun,4,,YES,varchar,10,varchar(10),,
chul_09_db,G1_Ggeo_1,pubun,5,,YES,char,2,char(2),,
chul_09_db,G1_Ggeo_1,scode,6,,YES,char,1,char(1),,
chul_09_db,G1_Ggeo_1,gcode,7,,YES,varchar,5,varchar(5),,
chul_09_db,G1_Ggeo_1,ocode,8,,YES,varchar,5,varchar(5),,
chul_09_db,G1_Ggeo_1,gname,9,,YES,varchar,50,varchar(50),,
chul_09_db,G1_Ggeo_1,gposa,10,,YES,varchar,30,varchar(30),,
chul_09_db,G1_Ggeo_1,gnumb,11,,YES,varchar,12,varchar(12),,
chul_09_db,G1_Ggeo_1,guper,12,,YES,varchar,30,varchar(30),,
chul_09_db,G1_Ggeo_1,gjomo,13,,YES,varchar,30,varchar(30),,
chul_09_db,G1_Ggeo_1,gpost,14,,YES,varchar,7,varchar(7),,
chul_09_db,G1_Ggeo_1,gadd1,15,,YES,varchar,90,varchar(90),,
chul_09_db,G1_Ggeo_1,gadd2,16,,YES,varchar,90,varchar(90),,
chul_09_db,G1_Ggeo_1,gtel1,17,,YES,varchar,4,varchar(4),,
chul_09_db,G1_Ggeo_1,gtel2,18,,YES,varchar,20,varchar(20),,
chul_09_db,G1_Ggeo_1,gfax1,19,,YES,varchar,4,varchar(4),,
chul_09_db,G1_Ggeo_1,gfax2,20,,YES,varchar,20,varchar(20),,
chul_09_db,G1_Ggeo_1,grat1,21,,YES,int,,int(11),,
chul_09_db,G1_Ggeo_1,grat2,22,,YES,int,,int(11),,
chul_09_db,G1_Ggeo_1,grat3,23,,YES,int,,int(11),,
chul_09_db,G1_Ggeo_1,grat4,24,,YES,int,,int(11),,
chul_09_db,G1_Ggeo_1,grat5,25,,YES,int,,int(11),,
chul_09_db,G1_Ggeo_1,grat6,26,,YES,int,,int(11),,
chul_09_db,G1_Ggeo_1,grat7,27,,YES,int,,int(11),,
chul_09_db,G1_Ggeo_1,grat8,28,,YES,int,,int(11),,
chul_09_db,G1_Ggeo_1,grat9,29,,YES,int,,int(11),,
chul_09_db,G1_Ggeo_1,gqut1,30,,YES,float,,float,,
chul_09_db,G1_Ggeo_1,yesno,31,,YES,varchar,5,varchar(5),,
chul_09_db,G1_Ggeo_1,name1,32,,YES,varchar,50,varchar(50),,
chul_09_db,G1_Ggeo_1,name2,33,,YES,varchar,50,varchar(50),,
chul_09_db,G1_Ggeo_1,gpper,34,,YES,varchar,20,varchar(20),,
chul_09_db,G1_Ggeo_1,gbigo,35,,YES,varchar,50,varchar(50),,
chul_09_db,G1_Ggeo_1,gphon,36,,YES,varchar,50,varchar(50),,
chul_09_db,G1_Ggeo_1,email,37,,YES,varchar,50,varchar(50),,
chul_09_db,G1_Ggeo_1,bigo1,38,,YES,varchar,8,varchar(8),,
chul_09_db,G1_Ggeo_1,bigo2,39,,YES,varchar,4,varchar(4),,
chul_09_db,G1_Ggeo_1,bigo3,40,,YES,varchar,8,varchar(8),,
chul_09_db,G1_Ggeo_1,bigo4,41,,YES,varchar,4,varchar(4),,
chul_09_db,G1_Ggeo_1,gnum1,42,,YES,varchar,10,varchar(10),,
chul_09_db,G1_Ggeo_1,gnum2,43,,YES,varchar,10,varchar(10),,
chul_09_db,G1_Ggeo_1,memos,44,,YES,longblob,4294967295,longblob,,
chul_09_db,G1_Ggeo_1,gssum,45,,YES,float,,float,,
chul_09_db,G1_Ggeo_1,check,46,,YES,char,1,char(1),,
chul_09_db,G1_Ggeo_1,gmemo,47,CURRENT_TIMESTAMP,NO,timestamp,,timestamp,,on update CURRENT_TIMESTAMP
chul_09_db,G1_Logn,id,1,,NO,int,,int(11),PRI,auto_increment
chul_09_db,G1_Logn,hcode,2,,YES,varchar,5,varchar(5),MUL,
chul_09_db,G1_Logn,hname,3,,YES,varchar,50,varchar(50),,
chul_09_db,G1_Logn,gcode,4,,YES,varchar,5,varchar(5),,
chul_09_db,G1_Logn,ghost,5,,YES,varchar,30,varchar(30),,
chul_09_db,G1_Logn,gpass,6,,YES,varchar,30,varchar(30),,
chul_09_db,G1_Logn,gdate,7,,YES,varchar,10,varchar(10),,
chul_09_db,G1_Logn,yesno,8,,YES,varchar,5,varchar(5),,
chul_09_db,G1_Logn,check,9,,YES,char,1,char(1),,
chul_09_db,G1_Logn,f11,10,,YES,char,1,char(1),,
chul_09_db,G1_Logn,f12,11,,YES,char,1,char(1),,
chul_09_db,G1_Logn,f13,12,,YES,char,1,char(1),,
chul_09_db,G1_Logn,f14,13,,YES,char,1,char(1),,
chul_09_db,G1_Logn,f15,14,,YES,char,1,char(1),,
chul_09_db,G1_Logn,f16,15,,YES,char,1,char(1),,
chul_09_db,G1_Logn,f17,16,,YES,char,1,char(1),,
chul_09_db,G1_Logn,f18,17,,YES,char,1,char(1),,
chul_09_db,G1_Logn,f19,18,,YES,char,1,char(1),,
chul_09_db,G1_Logn,gmemo,19,CURRENT_TIMESTAMP,NO,timestamp,,timestamp,,on update CURRENT_TIMESTAMP
chul_09_db,G2_Gbun,id,1,,NO,int,,int(11),PRI,auto_increment
chul_09_db,G2_Gbun,hcode,2,,YES,varchar,5,varchar(5),MUL,
chul_09_db,G2_Gbun,gcode,3,,YES,varchar,5,varchar(5),,
chul_09_db,G2_Gbun,gname,4,,YES,varchar,20,varchar(20),,
chul_09_db,G2_Gbun,check,5,,YES,char,1,char(1),,
chul_09_db,G2_Gbun,gmemo,6,CURRENT_TIMESTAMP,NO,timestamp,,timestamp,,on update CURRENT_TIMESTAMP
chul_09_db,G2_Ggwo,id,1,,NO,int,,int(11),PRI,auto_increment
chul_09_db,G2_Ggwo,hcode,2,,YES,varchar,5,varchar(5),MUL,
chul_09_db,G2_Ggwo,gubun,3,,YES,varchar,5,varchar(5),,
chul_09_db,G2_Ggwo,jubun,4,,YES,varchar,10,varchar(10),,
chul_09_db,G2_Ggwo,pubun,5,,YES,char,2,char(2),,
chul_09_db,G2_Ggwo,scode,6,,YES,char,1,char(1),,
chul_09_db,G2_Ggwo,gcode,7,,YES,varchar,5,varchar(5),,
chul_09_db,G2_Ggwo,ocode,8,,YES,varchar,5,varchar(5),,
chul_09_db,G2_Ggwo,gname,9,,YES,varchar,50,varchar(50),,
chul_09_db,G2_Ggwo,gposa,10,,YES,varchar,30,varchar(30),,
chul_09_db,G2_Ggwo,gnumb,11,,YES,varchar,12,varchar(12),,
chul_09_db,G2_Ggwo,guper,12,,YES,varchar,30,varchar(30),,
chul_09_db,G2_Ggwo,gjomo,13,,YES,varchar,30,varchar(30),,
chul_09_db,G2_Ggwo,gpost,14,,YES,varchar,7,varchar(7),,
chul_09_db,G2_Ggwo,gadd1,15,,YES,varchar,90,varchar(90),,
chul_09_db,G2_Ggwo,gadd2,16,,YES,varchar,90,varchar(90),,
chul_09_db,G2_Ggwo,gtel1,17,,YES,varchar,4,varchar(4),,
chul_09_db,G2_Ggwo,gtel2,18,,YES,varchar,20,varchar(20),,
chul_09_db,G2_Ggwo,gfax1,19,,YES,varchar,4,varchar(4),,
chul_09_db,G2_Ggwo,gfax2,20,,YES,varchar,20,varchar(20),,
chul_09_db,G2_Ggwo,grat1,21,,YES,int,,int(11),,
chul_09_db,G2_Ggwo,grat2,22,,YES,int,,int(11),,
chul_09_db,G2_Ggwo,grat3,23,,YES,int,,int(11),,
chul_09_db,G2_Ggwo,grat4,24,,YES,int,,int(11),,
chul_09_db,G2_Ggwo,grat5,25,,YES,int,,int(11),,
chul_09_db,G2_Ggwo,grat6,26,,YES,int,,int(11),,
chul_09_db,G2_Ggwo,grat7,27,,YES,int,,int(11),,
chul_09_db,G2_Ggwo,grat8,28,,YES,int,,int(11),,
chul_09_db,G2_Ggwo,grat9,29,,YES,int,,int(11),,
chul_09_db,G2_Ggwo,gqut1,30,,YES,float,,float,,
chul_09_db,G2_Ggwo,yesno,31,,YES,varchar,5,varchar(5),,
chul_09_db,G2_Ggwo,name1,32,,YES,varchar,50,varchar(50),,
chul_09_db,G2_Ggwo,name2,33,,YES,varchar,50,varchar(50),,
chul_09_db,G2_Ggwo,gpper,34,,YES,varchar,20,varchar(20),,
chul_09_db,G2_Ggwo,gbigo,35,,YES,varchar,50,varchar(50),,
chul_09_db,G2_Ggwo,gphon,36,,YES,varchar,50,varchar(50),,
chul_09_db,G2_Ggwo,email,37,,YES,varchar,50,varchar(50),,
chul_09_db,G2_Ggwo,bigo1,38,,YES,varchar,8,varchar(8),,
chul_09_db,G2_Ggwo,bigo2,39,,YES,varchar,4,varchar(4),,
chul_09_db,G2_Ggwo,bigo3,40,,YES,varchar,8,varchar(8),,
chul_09_db,G2_Ggwo,bigo4,41,,YES,varchar,4,varchar(4),,
chul_09_db,G2_Ggwo,gnum1,42,,YES,varchar,10,varchar(10),,
chul_09_db,G2_Ggwo,gnum2,43,,YES,varchar,10,varchar(10),,
chul_09_db,G2_Ggwo,memos,44,,YES,longblob,4294967295,longblob,,
chul_09_db,G2_Ggwo,gssum,45,,YES,float,,float,,
chul_09_db,G2_Ggwo,check,46,,YES,char,1,char(1),,
chul_09_db,G2_Ggwo,gmemo,47,CURRENT_TIMESTAMP,NO,timestamp,,timestamp,,on update CURRENT_TIMESTAMP
chul_09_db,G3_Gbun,id,1,,NO,int,,int(11),PRI,auto_increment
chul_09_db,G3_Gbun,hcode,2,,YES,varchar,5,varchar(5),MUL,
chul_09_db,G3_Gbun,gcode,3,,YES,varchar,5,varchar(5),,
chul_09_db,G3_Gbun,gname,4,,YES,varchar,20,varchar(20),,
chul_09_db,G3_Gbun,check,5,,YES,char,1,char(1),,
chul_09_db,G3_Gbun,gmemo,6,CURRENT_TIMESTAMP,NO,timestamp,,timestamp,,on update CURRENT_TIMESTAMP
chul_09_db,G3_Gjeo,id,1,,NO,int,,int(11),PRI,auto_increment
chul_09_db,G3_Gjeo,hcode,2,,YES,varchar,5,varchar(5),MUL,
chul_09_db,G3_Gjeo,gubun,3,,YES,varchar,5,varchar(5),,
chul_09_db,G3_Gjeo,scode,4,,YES,char,1,char(1),,
chul_09_db,G3_Gjeo,gcode,5,,YES,varchar,5,varchar(5),,
chul_09_db,G3_Gjeo,gposa,6,,YES,varchar,30,varchar(30),,
chul_09_db,G3_Gjeo,gname,7,,YES,varchar,50,varchar(50),,
chul_09_db,G3_Gjeo,date1,8,,YES,varchar,10,varchar(10),,
chul_09_db,G3_Gjeo,date2,9,,YES,varchar,10,varchar(10),,
chul_09_db,G3_Gjeo,gjice,10,,YES,varchar,20,varchar(20),,
chul_09_db,G3_Gjeo,gscho,11,,YES,varchar,20,varchar(20),,
chul_09_db,G3_Gjeo,gnumb,12,,YES,varchar,20,varchar(20),,
chul_09_db,G3_Gjeo,gnum1,13,,YES,varchar,20,varchar(20),,
chul_09_db,G3_Gjeo,gnum2,14,,YES,varchar,20,varchar(20),,
chul_09_db,G3_Gjeo,gtel1,15,,YES,varchar,4,varchar(4),,
chul_09_db,G3_Gjeo,gtel2,16,,YES,varchar,20,varchar(20),,
chul_09_db,G3_Gjeo,gfax1,17,,YES,varchar,4,varchar(4),,
chul_09_db,G3_Gjeo,gfax2,18,,YES,varchar,20,varchar(20),,
chul_09_db,G3_Gjeo,gpost,19,,YES,varchar,7,varchar(7),,
chul_09_db,G3_Gjeo,gadd1,20,,YES,varchar,90,varchar(90),,
chul_09_db,G3_Gjeo,gadd2,21,,YES,varchar,90,varchar(90),,
chul_09_db,G3_Gjeo,opost,22,,YES,varchar,7,varchar(7),,
chul_09_db,G3_Gjeo,oadd1,23,,YES,varchar,90,varchar(90),,
chul_09_db,G3_Gjeo,oadd2,24,,YES,varchar,90,varchar(90),,
chul_09_db,G3_Gjeo,gbigo,25,,YES,varchar,50,varchar(50),,
chul_09_db,G3_Gjeo,ghost,26,,YES,varchar,30,varchar(30),,
chul_09_db,G3_Gjeo,gpass,27,,YES,varchar,30,varchar(30),,
chul_09_db,G3_Gjeo,yesno,28,,YES,varchar,5,varchar(5),,
chul_09_db,G3_Gjeo,memos,29,,YES,longblob,4294967295,longblob,,
chul_09_db,G3_Gjeo,f11,30,,YES,char,1,char(1),,
chul_09_db,G3_Gjeo,f12,31,,YES,char,1,char(1),,
chul_09_db,G3_Gjeo,f13,32,,YES,char,1,char(1),,
chul_09_db,G3_Gjeo,f14,33,,YES,char,1,char(1),,
chul_09_db,G3_Gjeo,f15,34,,YES,char,1,char(1),,
chul_09_db,G3_Gjeo,f16,35,,YES,char,1,char(1),,
chul_09_db,G3_Gjeo,f17,36,,YES,char,1,char(1),,
chul_09_db,G3_Gjeo,f18,37,,YES,char,1,char(1),,
chul_09_db,G3_Gjeo,f19,38,,YES,char,1,char(1),,
chul_09_db,G3_Gjeo,f21,39,,YES,char,1,char(1),,
chul_09_db,G3_Gjeo,f22,40,,YES,char,1,char(1),,
chul_09_db,G3_Gjeo,f23,41,,YES,char,1,char(1),,
chul_09_db,G3_Gjeo,f24,42,,YES,char,1,char(1),,
chul_09_db,G3_Gjeo,f25,43,,YES,char,1,char(1),,
chul_09_db,G3_Gjeo,f26,44,,YES,char,1,char(1),,
chul_09_db,G3_Gjeo,f27,45,,YES,char,1,char(1),,
chul_09_db,G3_Gjeo,f28,46,,YES,char,1,char(1),,
chul_09_db,G3_Gjeo,f29,47,,YES,char,1,char(1),,
chul_09_db,G3_Gjeo,f31,48,,YES,char,1,char(1),,
chul_09_db,G3_Gjeo,f32,49,,YES,char,1,char(1),,
chul_09_db,G3_Gjeo,f33,50,,YES,char,1,char(1),,
chul_09_db,G3_Gjeo,f34,51,,YES,char,1,char(1),,
chul_09_db,G3_Gjeo,f35,52,,YES,char,1,char(1),,
chul_09_db,G3_Gjeo,f36,53,,YES,char,1,char(1),,
chul_09_db,G3_Gjeo,f37,54,,YES,char,1,char(1),,
chul_09_db,G3_Gjeo,f38,55,,YES,char,1,char(1),,
chul_09_db,G3_Gjeo,f39,56,,YES,char,1,char(1),,
chul_09_db,G3_Gjeo,f41,57,,YES,char,1,char(1),,
chul_09_db,G3_Gjeo,f42,58,,YES,char,1,char(1),,
chul_09_db,G3_Gjeo,f43,59,,YES,char,1,char(1),,
chul_09_db,G3_Gjeo,f44,60,,YES,char,1,char(1),,
chul_09_db,G3_Gjeo,f45,61,,YES,char,1,char(1),,
chul_09_db,G3_Gjeo,f46,62,,YES,char,1,char(1),,
chul_09_db,G3_Gjeo,f47,63,,YES,char,1,char(1),,
chul_09_db,G3_Gjeo,f48,64,,YES,char,1,char(1),,
chul_09_db,G3_Gjeo,f49,65,,YES,char,1,char(1),,
chul_09_db,G3_Gjeo,f51,66,,YES,char,1,char(1),,
chul_09_db,G3_Gjeo,f52,67,,YES,char,1,char(1),,
chul_09_db,G3_Gjeo,f53,68,,YES,char,1,char(1),,
chul_09_db,G3_Gjeo,f54,69,,YES,char,1,char(1),,
chul_09_db,G3_Gjeo,f55,70,,YES,char,1,char(1),,
chul_09_db,G3_Gjeo,f56,71,,YES,char,1,char(1),,
chul_09_db,G3_Gjeo,f57,72,,YES,char,1,char(1),,
chul_09_db,G3_Gjeo,f58,73,,YES,char,1,char(1),,
chul_09_db,G3_Gjeo,f59,74,,YES,char,1,char(1),,
chul_09_db,G3_Gjeo,f61,75,,YES,char,1,char(1),,
chul_09_db,G3_Gjeo,f62,76,,YES,char,1,char(1),,
chul_09_db,G3_Gjeo,f63,77,,YES,char,1,char(1),,
chul_09_db,G3_Gjeo,f64,78,,YES,char,1,char(1),,
chul_09_db,G3_Gjeo,f65,79,,YES,char,1,char(1),,
chul_09_db,G3_Gjeo,f66,80,,YES,char,1,char(1),,
chul_09_db,G3_Gjeo,f67,81,,YES,char,1,char(1),,
chul_09_db,G3_Gjeo,f68,82,,YES,char,1,char(1),,
chul_09_db,G3_Gjeo,f69,83,,YES,char,1,char(1),,
chul_09_db,G3_Gjeo,f71,84,,YES,char,1,char(1),,
chul_09_db,G3_Gjeo,f72,85,,YES,char,1,char(1),,
chul_09_db,G3_Gjeo,f73,86,,YES,char,1,char(1),,
chul_09_db,G3_Gjeo,f74,87,,YES,char,1,char(1),,
chul_09_db,G3_Gjeo,f75,88,,YES,char,1,char(1),,
chul_09_db,G3_Gjeo,f76,89,,YES,char,1,char(1),,
chul_09_db,G3_Gjeo,f77,90,,YES,char,1,char(1),,
chul_09_db,G3_Gjeo,f78,91,,YES,char,1,char(1),,
chul_09_db,G3_Gjeo,f79,92,,YES,char,1,char(1),,
chul_09_db,G3_Gjeo,check,93,,YES,char,1,char(1),,
chul_09_db,G3_Gjeo,gmemo,94,CURRENT_TIMESTAMP,NO,timestamp,,timestamp,,on update CURRENT_TIMESTAMP
chul_09_db,G4_Book,id,1,,NO,int,,int(11),PRI,auto_increment
chul_09_db,G4_Book,hcode,2,,YES,varchar,5,varchar(5),MUL,
chul_09_db,G4_Book,tcode,3,,YES,varchar,5,varchar(5),,
chul_09_db,G4_Book,gubun,4,,YES,varchar,5,varchar(5),,
chul_09_db,G4_Book,jubun,5,,YES,varchar,6,varchar(6),,
chul_09_db,G4_Book,pubun,6,,YES,char,2,char(2),,
chul_09_db,G4_Book,scode,7,,YES,char,1,char(1),,
chul_09_db,G4_Book,gcode,8,,YES,varchar,10,varchar(10),,
chul_09_db,G4_Book,ocode,9,,YES,varchar,10,varchar(10),,
chul_09_db,G4_Book,gname,10,,YES,varchar,80,varchar(80),,
chul_09_db,G4_Book,gjeja,11,,YES,varchar,30,varchar(30),,
chul_09_db,G4_Book,gdabi,12,,YES,varchar,5,varchar(5),,
chul_09_db,G4_Book,gdang,13,,YES,float,,float,,
chul_09_db,G4_Book,odang,14,,YES,float,,float,,
chul_09_db,G4_Book,price,15,,YES,float,,float,,
chul_09_db,G4_Book,gisbn,16,,YES,varchar,20,varchar(20),,
chul_09_db,G4_Book,grat1,17,,YES,int,,int(11),,
chul_09_db,G4_Book,grat2,18,,YES,int,,int(11),,
chul_09_db,G4_Book,grat3,19,,YES,int,,int(11),,
chul_09_db,G4_Book,grat4,20,,YES,int,,int(11),,
chul_09_db,G4_Book,grat5,21,,YES,int,,int(11),,
chul_09_db,G4_Book,grat6,22,,YES,int,,int(11),,
chul_09_db,G4_Book,grat7,23,,YES,int,,int(11),,
chul_09_db,G4_Book,grat8,24,,YES,int,,int(11),,
chul_09_db,G4_Book,grat9,25,,YES,int,,int(11),,
chul_09_db,G4_Book,gbjil,26,,YES,varchar,6,varchar(6),,
chul_09_db,G4_Book,date1,27,,YES,varchar,10,varchar(10),,
chul_09_db,G4_Book,date2,28,,YES,varchar,10,varchar(10),,
chul_09_db,G4_Book,gnumb,29,,YES,varchar,20,varchar(20),,
chul_09_db,G4_Book,name1,30,,YES,varchar,50,varchar(50),,
chul_09_db,G4_Book,name2,31,,YES,varchar,50,varchar(50),,
chul_09_db,G4_Book,gpage,32,,YES,float,,float,,
chul_09_db,G4_Book,gpan1,33,,YES,float,,float,,
chul_09_db,G4_Book,gpan2,34,,YES,float,,float,,
chul_09_db,G4_Book,gbigo,35,,YES,varchar,50,varchar(50),,
chul_09_db,G4_Book,yesno,36,,YES,varchar,5,varchar(5),,
chul_09_db,G4_Book,jeja1,37,,YES,varchar,20,varchar(20),,
chul_09_db,G4_Book,jeja2,38,,YES,varchar,20,varchar(20),,
chul_09_db,G4_Book,gpost,39,,YES,varchar,20,varchar(20),,
chul_09_db,G4_Book,opost,40,,YES,varchar,20,varchar(20),,
chul_09_db,G4_Book,bcode,41,,YES,varchar,13,varchar(13),,
chul_09_db,G4_Book,bigo1,42,,YES,char,2,char(2),,
chul_09_db,G4_Book,bigo2,43,,YES,char,2,char(2),,
chul_09_db,G4_Book,bigo3,44,,YES,char,2,char(2),,
chul_09_db,G4_Book,bigo4,45,,YES,char,2,char(2),,
chul_09_db,G4_Book,memos,46,,YES,longblob,4294967295,longblob,,
chul_09_db,G4_Book,gqut1,47,,YES,float,,float,,
chul_09_db,G4_Book,gqut2,48,,YES,float,,float,,
chul_09_db,G4_Book,gssum,49,,YES,float,,float,,
chul_09_db,G4_Book,check,50,,YES,char,1,char(1),,
chul_09_db,G4_Book,gmemo,51,CURRENT_TIMESTAMP,NO,timestamp,,timestamp,,on update CURRENT_TIMESTAMP
chul_09_db,G4_Gbun,id,1,,NO,int,,int(11),PRI,auto_increment
chul_09_db,G4_Gbun,hcode,2,,YES,varchar,5,varchar(5),MUL,
chul_09_db,G4_Gbun,gcode,3,,YES,varchar,5,varchar(5),,
chul_09_db,G4_Gbun,gname,4,,YES,varchar,20,varchar(20),,
chul_09_db,G4_Gbun,grat1,5,,YES,int,,int(11),,
chul_09_db,G4_Gbun,grat2,6,,YES,int,,int(11),,
chul_09_db,G4_Gbun,grat3,7,,YES,int,,int(11),,
chul_09_db,G4_Gbun,grat4,8,,YES,int,,int(11),,
chul_09_db,G4_Gbun,check,9,,YES,char,1,char(1),,
chul_09_db,G4_Gbun,gmemo,10,CURRENT_TIMESTAMP,NO,timestamp,,timestamp,,on update CURRENT_TIMESTAMP
chul_09_db,G5_Gbun,id,1,,NO,int,,int(11),PRI,auto_increment
chul_09_db,G5_Gbun,hcode,2,,YES,varchar,5,varchar(5),MUL,
chul_09_db,G5_Gbun,gcode,3,,YES,varchar,5,varchar(5),,
chul_09_db,G5_Gbun,gname,4,,YES,varchar,20,varchar(20),,
chul_09_db,G5_Gbun,check,5,,YES,char,1,char(1),,
chul_09_db,G5_Gbun,gmemo,6,CURRENT_TIMESTAMP,NO,timestamp,,timestamp,,on update CURRENT_TIMESTAMP
chul_09_db,G5_Ggeo,id,1,,NO,int,,int(11),PRI,auto_increment
chul_09_db,G5_Ggeo,hcode,2,,YES,varchar,5,varchar(5),MUL,
chul_09_db,G5_Ggeo,gubun,3,,YES,varchar,5,varchar(5),,
chul_09_db,G5_Ggeo,jubun,4,,YES,varchar,10,varchar(10),,
chul_09_db,G5_Ggeo,pubun,5,,YES,char,2,char(2),,
chul_09_db,G5_Ggeo,scode,6,,YES,char,1,char(1),,
chul_09_db,G5_Ggeo,gcode,7,,YES,varchar,5,varchar(5),,
chul_09_db,G5_Ggeo,ocode,8,,YES,varchar,5,varchar(5),,
chul_09_db,G5_Ggeo,gname,9,,YES,varchar,50,varchar(50),,
chul_09_db,G5_Ggeo,gposa,10,,YES,varchar,30,varchar(30),,
chul_09_db,G5_Ggeo,gnumb,11,,YES,varchar,12,varchar(12),,
chul_09_db,G5_Ggeo,guper,12,,YES,varchar,30,varchar(30),,
chul_09_db,G5_Ggeo,gjomo,13,,YES,varchar,30,varchar(30),,
chul_09_db,G5_Ggeo,gpost,14,,YES,varchar,7,varchar(7),,
chul_09_db,G5_Ggeo,gadd1,15,,YES,varchar,90,varchar(90),,
chul_09_db,G5_Ggeo,gadd2,16,,YES,varchar,90,varchar(90),,
chul_09_db,G5_Ggeo,gtel1,17,,YES,varchar,4,varchar(4),,
chul_09_db,G5_Ggeo,gtel2,18,,YES,varchar,20,varchar(20),,
chul_09_db,G5_Ggeo,gfax1,19,,YES,varchar,4,varchar(4),,
chul_09_db,G5_Ggeo,gfax2,20,,YES,varchar,20,varchar(20),,
chul_09_db,G5_Ggeo,grat1,21,,YES,int,,int(11),,
chul_09_db,G5_Ggeo,grat2,22,,YES,int,,int(11),,
chul_09_db,G5_Ggeo,grat3,23,,YES,int,,int(11),,
chul_09_db,G5_Ggeo,grat4,24,,YES,int,,int(11),,
chul_09_db,G5_Ggeo,grat5,25,,YES,int,,int(11),,
chul_09_db,G5_Ggeo,grat6,26,,YES,int,,int(11),,
chul_09_db,G5_Ggeo,grat7,27,,YES,int,,int(11),,
chul_09_db,G5_Ggeo,grat8,28,,YES,int,,int(11),,
chul_09_db,G5_Ggeo,grat9,29,,YES,int,,int(11),,
chul_09_db,G5_Ggeo,gqut1,30,,YES,float,,float,,
chul_09_db,G5_Ggeo,yesno,31,,YES,varchar,5,varchar(5),,
chul_09_db,G5_Ggeo,name1,32,,YES,varchar,50,varchar(50),,
chul_09_db,G5_Ggeo,name2,33,,YES,varchar,50,varchar(50),,
chul_09_db,G5_Ggeo,gpper,34,,YES,varchar,20,varchar(20),,
chul_09_db,G5_Ggeo,gbigo,35,,YES,varchar,50,varchar(50),,
chul_09_db,G5_Ggeo,gphon,36,,YES,varchar,50,varchar(50),,
chul_09_db,G5_Ggeo,email,37,,YES,varchar,50,varchar(50),,
chul_09_db,G5_Ggeo,bigo1,38,,YES,varchar,8,varchar(8),,
chul_09_db,G5_Ggeo,bigo2,39,,YES,varchar,4,varchar(4),,
chul_09_db,G5_Ggeo,bigo3,40,,YES,varchar,8,varchar(8),,
chul_09_db,G5_Ggeo,bigo4,41,,YES,varchar,4,varchar(4),,
chul_09_db,G5_Ggeo,gnum1,42,,YES,varchar,10,varchar(10),,
chul_09_db,G5_Ggeo,gnum2,43,,YES,varchar,10,varchar(10),,
chul_09_db,G5_Ggeo,memos,44,,YES,longblob,4294967295,longblob,,
chul_09_db,G5_Ggeo,gssum,45,,YES,float,,float,,
chul_09_db,G5_Ggeo,check,46,,YES,char,1,char(1),,
chul_09_db,G5_Ggeo,gmemo,47,CURRENT_TIMESTAMP,NO,timestamp,,timestamp,,on update CURRENT_TIMESTAMP
chul_09_db,G6_Ggeo,id,1,,NO,int,,int(11),PRI,auto_increment
chul_09_db,G6_Ggeo,hcode,2,,YES,varchar,5,varchar(5),MUL,
chul_09_db,G6_Ggeo,gcode,3,,YES,varchar,5,varchar(5),,
chul_09_db,G6_Ggeo,bcode,4,,YES,varchar,10,varchar(10),,
chul_09_db,G6_Ggeo,gubun,5,,YES,varchar,20,varchar(20),,
chul_09_db,G6_Ggeo,jubun,6,,YES,varchar,20,varchar(20),,
chul_09_db,G6_Ggeo,gpper,7,,YES,varchar,20,varchar(20),,
chul_09_db,G6_Ggeo,gjisa,8,,YES,varchar,30,varchar(30),,
chul_09_db,G6_Ggeo,grat1,9,,YES,int,,int(11),,
chul_09_db,G6_Ggeo,grat2,10,,YES,int,,int(11),,
chul_09_db,G6_Ggeo,grat3,11,,YES,int,,int(11),,
chul_09_db,G6_Ggeo,grat4,12,,YES,int,,int(11),,
chul_09_db,G6_Ggeo,grat5,13,,YES,int,,int(11),,
chul_09_db,G6_Ggeo,grat6,14,,YES,int,,int(11),,
chul_09_db,G6_Ggeo,grat7,15,,YES,int,,int(11),,
chul_09_db,G6_Ggeo,grat8,16,,YES,int,,int(11),,
chul_09_db,G6_Ggeo,grat9,17,,YES,int,,int(11),,
chul_09_db,G6_Ggeo,gssum,18,,YES,float,,float,,
chul_09_db,G6_Ggeo,check,19,,YES,char,1,char(1),,
chul_09_db,G6_Ggeo,gmemo,20,CURRENT_TIMESTAMP,NO,timestamp,,timestamp,,on update CURRENT_TIMESTAMP
chul_09_db,G7_Gbun,id,1,,NO,int,,int(11),PRI,auto_increment
chul_09_db,G7_Gbun,hcode,2,,YES,varchar,5,varchar(5),MUL,
chul_09_db,G7_Gbun,gcode,3,,YES,varchar,5,varchar(5),,
chul_09_db,G7_Gbun,gname,4,,YES,varchar,20,varchar(20),,
chul_09_db,G7_Gbun,check,5,,YES,char,1,char(1),,
chul_09_db,G7_Gbun,gmemo,6,CURRENT_TIMESTAMP,NO,timestamp,,timestamp,,on update CURRENT_TIMESTAMP
chul_09_db,G7_Ggeo,id,1,,NO,int,,int(11),PRI,auto_increment
chul_09_db,G7_Ggeo,chek1,2,,YES,varchar,5,varchar(5),,
chul_09_db,G7_Ggeo,chek2,3,,YES,varchar,5,varchar(5),,
chul_09_db,G7_Ggeo,chek3,4,,YES,varchar,5,varchar(5),,
chul_09_db,G7_Ggeo,chek4,5,,YES,varchar,5,varchar(5),,
chul_09_db,G7_Ggeo,chek5,6,,YES,varchar,5,varchar(5),,
chul_09_db,G7_Ggeo,hcode,7,,YES,varchar,5,varchar(5),MUL,
chul_09_db,G7_Ggeo,gubun,8,,YES,varchar,5,varchar(5),,
chul_09_db,G7_Ggeo,jubun,9,,YES,varchar,6,varchar(6),,
chul_09_db,G7_Ggeo,scode,10,,YES,char,1,char(1),,
chul_09_db,G7_Ggeo,gcode,11,,YES,varchar,5,varchar(5),,
chul_09_db,G7_Ggeo,ocode,12,,YES,varchar,5,varchar(5),,
chul_09_db,G7_Ggeo,gname,13,,YES,varchar,50,varchar(50),,
chul_09_db,G7_Ggeo,gposa,14,,YES,varchar,30,varchar(30),,
chul_09_db,G7_Ggeo,gnumb,15,,YES,varchar,12,varchar(12),,
chul_09_db,G7_Ggeo,guper,16,,YES,varchar,30,varchar(30),,
chul_09_db,G7_Ggeo,gjomo,17,,YES,varchar,30,varchar(30),,
chul_09_db,G7_Ggeo,name1,18,,YES,varchar,50,varchar(50),,
chul_09_db,G7_Ggeo,name2,19,,YES,varchar,50,varchar(50),,
chul_09_db,G7_Ggeo,jumin,20,,YES,varchar,14,varchar(14),,
chul_09_db,G7_Ggeo,gpper,21,,YES,varchar,20,varchar(20),,
chul_09_db,G7_Ggeo,gpost,22,,YES,varchar,7,varchar(7),,
chul_09_db,G7_Ggeo,gadd1,23,,YES,varchar,90,varchar(90),,
chul_09_db,G7_Ggeo,gadd2,24,,YES,varchar,90,varchar(90),,
chul_09_db,G7_Ggeo,gtel1,25,,YES,varchar,4,varchar(4),,
chul_09_db,G7_Ggeo,gtel2,26,,YES,varchar,20,varchar(20),,
chul_09_db,G7_Ggeo,gfax1,27,,YES,varchar,4,varchar(4),,
chul_09_db,G7_Ggeo,gfax2,28,,YES,varchar,20,varchar(20),,
chul_09_db,G7_Ggeo,email,29,,YES,varchar,50,varchar(50),,
chul_09_db,G7_Ggeo,gbigo,30,,YES,varchar,50,varchar(50),,
chul_09_db,G7_Ggeo,bigo1,31,,YES,varchar,80,varchar(80),,
chul_09_db,G7_Ggeo,bigo2,32,,YES,varchar,80,varchar(80),,
chul_09_db,G7_Ggeo,gnum1,33,,YES,varchar,10,varchar(10),,
chul_09_db,G7_Ggeo,giqut,34,,YES,float,,float,,
chul_09_db,G7_Ggeo,gisum,35,,YES,float,,float,,
chul_09_db,G7_Ggeo,gosum,36,,YES,float,,float,,
chul_09_db,G7_Ggeo,gssum,37,,YES,float,,float,,
chul_09_db,G7_Ggeo,sum02,38,,YES,float,,float,,
chul_09_db,G7_Ggeo,sum04,39,,YES,float,,float,,
chul_09_db,G7_Ggeo,sum06,40,,YES,float,,float,,
chul_09_db,G7_Ggeo,sum09,41,,YES,float,,float,,
chul_09_db,G7_Ggeo,sum12,42,,YES,float,,float,,
chul_09_db,G7_Ggeo,sum15,43,,YES,float,,float,,
chul_09_db,G7_Ggeo,sum18,44,,YES,float,,float,,
chul_09_db,G7_Ggeo,sum19,45,,YES,float,,float,,
chul_09_db,G7_Ggeo,sum21,46,,YES,float,,float,,
chul_09_db,G7_Ggeo,sum22,47,,YES,float,,float,,
chul_09_db,G7_Ggeo,sum25,48,,YES,float,,float,,
chul_09_db,G7_Ggeo,sum32,49,,YES,float,,float,,
chul_09_db,G7_Ggeo,sum33,50,,YES,float,,float,,
chul_09_db,G7_Ggeo,sum34,51,,YES,float,,float,,
chul_09_db,G7_Ggeo,sum36,52,,YES,float,,float,,
chul_09_db,G7_Ggeo,sum38,53,,YES,float,,float,,
chul_09_db,G7_Ggeo,sum39,54,,YES,float,,float,,
chul_09_db,G7_Ggeo,sum40,55,,YES,float,,float,,
chul_09_db,G7_Ggeo,sum41,56,,YES,float,,float,,
chul_09_db,G7_Ggeo,sum42,57,,YES,float,,float,,
chul_09_db,G7_Ggeo,sum43,58,,YES,float,,float,,
chul_09_db,G7_Ggeo,sum44,59,,YES,float,,float,,
chul_09_db,G7_Ggeo,sum45,60,,YES,float,,float,,
chul_09_db,G7_Ggeo,sum46,61,,YES,float,,float,,
chul_09_db,G7_Ggeo,sum47,62,,YES,float,,"float(2,1)",,
chul_09_db,G7_Ggeo,sum61,63,,YES,float,,float,,
chul_09_db,G7_Ggeo,sum62,64,,YES,float,,float,,
chul_09_db,G7_Ggeo,sum63,65,,YES,float,,float,,
chul_09_db,G7_Ggeo,sum64,66,,YES,float,,float,,
chul_09_db,G7_Ggeo,sum68,67,,YES,float,,float,,
chul_09_db,G7_Ggeo,sum69,68,,YES,float,,float,,
chul_09_db,G7_Ggeo,yes33,69,,YES,char,1,char(1),,
chul_09_db,G7_Ggeo,yes34,70,,YES,char,1,char(1),,
chul_09_db,G7_Ggeo,yes35,71,,YES,char,1,char(1),,
chul_09_db,G7_Ggeo,yes41,72,,YES,char,1,char(1),,
chul_09_db,G7_Ggeo,yes42,73,,YES,char,1,char(1),,
chul_09_db,G7_Ggeo,yes43,74,,YES,char,1,char(1),,
chul_09_db,G7_Ggeo,yes44,75,,YES,char,1,char(1),,
chul_09_db,G7_Ggeo,yes45,76,,YES,char,1,char(1),,
chul_09_db,G7_Ggeo,yes48,77,,YES,char,1,char(1),,
chul_09_db,G7_Ggeo,yes49,78,,YES,char,1,char(1),,
chul_09_db,G7_Ggeo,yes51,79,,YES,char,1,char(1),,
chul_09_db,G7_Ggeo,yes52,80,,YES,char,1,char(1),,
chul_09_db,G7_Ggeo,yes53,81,,YES,char,1,char(1),,
chul_09_db,G7_Ggeo,yes54,82,,YES,char,1,char(1),,
chul_09_db,G7_Ggeo,yes55,83,,YES,char,1,char(1),,
chul_09_db,G7_Ggeo,yes56,84,,YES,char,1,char(1),,
chul_09_db,G7_Ggeo,yes57,85,,YES,char,1,char(1),,
chul_09_db,G7_Ggeo,yes58,86,,YES,char,1,char(1),,
chul_09_db,G7_Ggeo,yes59,87,,YES,char,1,char(1),,
chul_09_db,G7_Ggeo,yes61,88,,YES,char,1,char(1),,
chul_09_db,G7_Ggeo,yes62,89,,YES,char,1,char(1),,
chul_09_db,G7_Ggeo,gdate,90,,YES,varchar,10,varchar(10),,
chul_09_db,G7_Ggeo,date1,91,,YES,char,2,char(2),,
chul_09_db,G7_Ggeo,date2,92,,YES,char,2,char(2),,
chul_09_db,G7_Ggeo,yesno,93,,YES,varchar,5,varchar(5),,
chul_09_db,G7_Ggeo,memos,94,,YES,longblob,4294967295,longblob,,
chul_09_db,G7_Ggeo,check,95,,YES,char,1,char(1),,
chul_09_db,G7_Ggeo,gmemo,96,CURRENT_TIMESTAMP,NO,timestamp,,timestamp,,on update CURRENT_TIMESTAMP
chul_09_db,G7_Logn,id,1,,NO,int,,int(11),PRI,auto_increment
chul_09_db,G7_Logn,hcode,2,,YES,varchar,5,varchar(5),MUL,
chul_09_db,G7_Logn,hname,3,,YES,varchar,30,varchar(30),,
chul_09_db,G7_Logn,ghost,4,,YES,varchar,30,varchar(30),,
chul_09_db,G7_Logn,gpass,5,,YES,varchar,30,varchar(30),,
chul_09_db,G7_Logn,yesno,6,0,YES,varchar,5,varchar(5),,
chul_09_db,G7_Logn,check,7,,YES,char,1,char(1),,
chul_09_db,G7_Logn,f11,8,,YES,char,1,char(1),,
chul_09_db,G7_Logn,f12,9,,YES,char,1,char(1),,
chul_09_db,G7_Logn,f13,10,,YES,char,1,char(1),,
chul_09_db,G7_Logn,f14,11,,YES,char,1,char(1),,
chul_09_db,G7_Logn,f15,12,,YES,char,1,char(1),,
chul_09_db,G7_Logn,f16,13,,YES,char,1,char(1),,
chul_09_db,G7_Logn,f17,14,,YES,char,1,char(1),,
chul_09_db,G7_Logn,f18,15,,YES,char,1,char(1),,
chul_09_db,G7_Logn,f19,16,,YES,char,1,char(1),,
chul_09_db,G7_Logn,gmemo,17,CURRENT_TIMESTAMP,NO,timestamp,,timestamp,,on update CURRENT_TIMESTAMP
chul_09_db,G8_Gbun,id,1,,NO,int,,int(11),PRI,auto_increment
chul_09_db,G8_Gbun,hcode,2,,YES,varchar,5,varchar(5),MUL,
chul_09_db,G8_Gbun,gcode,3,,YES,varchar,5,varchar(5),,
chul_09_db,G8_Gbun,gname,4,,YES,varchar,20,varchar(20),,
chul_09_db,G8_Gbun,check,5,,YES,char,1,char(1),,
chul_09_db,G8_Gbun,gmemo,6,CURRENT_TIMESTAMP,NO,timestamp,,timestamp,,on update CURRENT_TIMESTAMP
chul_09_db,G8_Ggeo,id,1,,NO,int,,int(11),PRI,auto_increment
chul_09_db,G8_Ggeo,hcode,2,,YES,varchar,5,varchar(5),MUL,
chul_09_db,G8_Ggeo,gubun,3,,YES,varchar,5,varchar(5),,
chul_09_db,G8_Ggeo,jubun,4,,YES,varchar,6,varchar(6),,
chul_09_db,G8_Ggeo,scode,5,,YES,char,1,char(1),,
chul_09_db,G8_Ggeo,gcode,6,,YES,varchar,5,varchar(5),,
chul_09_db,G8_Ggeo,ocode,7,,YES,varchar,5,varchar(5),,
chul_09_db,G8_Ggeo,gname,8,,YES,varchar,50,varchar(50),,
chul_09_db,G8_Ggeo,gposa,9,,YES,varchar,30,varchar(30),,
chul_09_db,G8_Ggeo,gdate,10,,YES,varchar,10,varchar(10),,
chul_09_db,G8_Ggeo,name1,11,,YES,varchar,50,varchar(50),,
chul_09_db,G8_Ggeo,name2,12,,YES,varchar,50,varchar(50),,
chul_09_db,G8_Ggeo,gpost,13,,YES,varchar,7,varchar(7),,
chul_09_db,G8_Ggeo,gadd1,14,,YES,varchar,90,varchar(90),,
chul_09_db,G8_Ggeo,gadd2,15,,YES,varchar,90,varchar(90),,
chul_09_db,G8_Ggeo,gtel1,16,,YES,varchar,4,varchar(4),,
chul_09_db,G8_Ggeo,gtel2,17,,YES,varchar,20,varchar(20),,
chul_09_db,G8_Ggeo,gfax1,18,,YES,varchar,4,varchar(4),,
chul_09_db,G8_Ggeo,gfax2,19,,YES,varchar,20,varchar(20),,
chul_09_db,G8_Ggeo,email,20,,YES,varchar,50,varchar(50),,
chul_09_db,G8_Ggeo,gbigo,21,,YES,varchar,50,varchar(50),,
chul_09_db,G8_Ggeo,check,22,,YES,char,1,char(1),,
chul_09_db,G8_Ggeo,gmemo,23,CURRENT_TIMESTAMP,NO,timestamp,,timestamp,,on update CURRENT_TIMESTAMP
chul_09_db,Gg_Book,id,1,,NO,int,,int(11),PRI,auto_increment
chul_09_db,Gg_Book,hcode,2,,YES,varchar,5,varchar(5),,
chul_09_db,Gg_Book,gcode,3,,YES,varchar,10,varchar(10),MUL,
chul_09_db,Gg_Book,gpper,4,,YES,varchar,20,varchar(20),,
chul_09_db,Gg_Book,giqut,5,,YES,double,,"double(10,0)",,
chul_09_db,Gg_Book,gisum,6,,YES,double,,"double(10,0)",,
chul_09_db,Gg_Book,gpqut,7,,YES,double,,"double(10,0)",,
chul_09_db,Gg_Book,gpsum,8,,YES,double,,"double(10,0)",,
chul_09_db,Gg_Book,gsusu,9,,YES,double,,"double(10,0)",,
chul_09_db,Gg_Magn,id,1,,NO,int,,int(11),PRI,auto_increment
chul_09_db,Gg_Magn,hcode,2,,YES,varchar,5,varchar(5),,
chul_09_db,Gg_Magn,gu,3,,YES,char,2,char(2),MUL,
chul_09_db,Gg_Magn,top,4,,YES,int,,int(11),,
chul_09_db,Gg_Magn,l11,5,,YES,int,,int(11),,
chul_09_db,Gg_Magn,l12,6,,YES,int,,int(11),,
chul_09_db,Gg_Magn,l13,7,,YES,int,,int(11),,
chul_09_db,Gg_Magn,l14,8,,YES,int,,int(11),,
chul_09_db,Gg_Magn,f11,9,,YES,varchar,15,varchar(15),,
chul_09_db,Gg_Magn,f12,10,,YES,varchar,20,varchar(20),,
chul_09_db,Gg_Magn,f21,11,,YES,varchar,15,varchar(15),,
chul_09_db,Gg_Magn,f22,12,,YES,varchar,20,varchar(20),,
chul_09_db,Gg_Magn,f31,13,,YES,varchar,15,varchar(15),,
chul_09_db,Gg_Magn,f32,14,,YES,varchar,20,varchar(20),,
chul_09_db,Gg_Magn,f41,15,,YES,varchar,15,varchar(15),,
chul_09_db,Gg_Magn,f42,16,,YES,varchar,20,varchar(20),,
chul_09_db,Gg_Magn,f51,17,,YES,varchar,15,varchar(15),,
chul_09_db,Gg_Magn,f52,18,,YES,varchar,20,varchar(20),,
chul_09_db,Gg_Magn,f61,19,,YES,varchar,15,varchar(15),,
chul_09_db,Gg_Magn,f62,20,,YES,varchar,20,varchar(20),,
chul_09_db,Gg_Magn,f71,21,,YES,varchar,15,varchar(15),,
chul_09_db,Gg_Magn,f72,22,,YES,varchar,20,varchar(20),,
chul_09_db,Gg_Magn,name,23,,YES,varchar,20,varchar(20),,
chul_09_db,Gg_Magn,posa,24,,YES,varchar,15,varchar(15),,
chul_09_db,Gg_Magn,memo1,25,,YES,varchar,200,varchar(200),,
chul_09_db,Gg_Magn,memo2,26,,YES,varchar,200,varchar(200),,
chul_09_db,Gg_Magn,check,27,,YES,char,1,char(1),,
chul_09_db,Gg_Magn,gmemo,28,CURRENT_TIMESTAMP,NO,timestamp,,timestamp,,on update CURRENT_TIMESTAMP
chul_09_db,Gg_Megn,id,1,,NO,int,,int(11),PRI,auto_increment
chul_09_db,Gg_Megn,hcode,2,,YES,varchar,5,varchar(5),MUL,
chul_09_db,Gg_Megn,gubun,3,,YES,char,2,char(2),,
chul_09_db,Gg_Megn,gname,4,,YES,varchar,15,varchar(15),,
chul_09_db,Gg_Megn,gnumb,5,,YES,float,,float,,
chul_09_db,Gg_Megn,gfild,6,,YES,varchar,10,varchar(10),,
chul_09_db,Gg_Megn,check,7,,YES,char,1,char(1),,
chul_09_db,Gg_Megn,gmemo,8,CURRENT_TIMESTAMP,NO,timestamp,,timestamp,,on update CURRENT_TIMESTAMP
chul_09_db,Gg_Memo,id,1,,NO,int,,int(11),PRI,auto_increment
chul_09_db,Gg_Memo,hcode,2,,YES,varchar,5,varchar(5),MUL,
chul_09_db,Gg_Memo,scode,3,,YES,char,1,char(1),,
chul_09_db,Gg_Memo,gcode,4,,YES,varchar,5,varchar(5),,
chul_09_db,Gg_Memo,memos,5,,YES,longblob,4294967295,longblob,,
chul_09_db,Gg_Memo,gmemo,6,CURRENT_TIMESTAMP,NO,timestamp,,timestamp,,on update CURRENT_TIMESTAMP
chul_09_db,Gg_Post,post,1,,YES,varchar,7,varchar(7),MUL,
chul_09_db,Gg_Post,addr,2,,YES,varchar,55,varchar(55),,
chul_09_db,Gg_Post,dddd,3,,YES,varchar,4,varchar(4),,
chul_09_db,Gg_Post,dong,4,,YES,varchar,20,varchar(20),,
chul_09_db,Gg_Post,city,5,,YES,varchar,8,varchar(8),,
chul_09_db,Gg_Prnt,id,1,,NO,int,,int(11),PRI,auto_increment
chul_09_db,Gg_Prnt,hcode,2,,YES,varchar,5,varchar(5),MUL,
chul_09_db,Gg_Prnt,scode,3,,YES,char,1,char(1),,
chul_09_db,Gg_Prnt,ocode,4,,YES,char,1,char(1),,
chul_09_db,Gg_Prnt,gcode,5,,YES,varchar,5,varchar(5),,
chul_09_db,Gg_Prnt,gdate,6,,YES,varchar,10,varchar(10),,
chul_09_db,Gg_Prnt,line1,7,,YES,float,,float,,
chul_09_db,Gg_Prnt,gmemo,8,CURRENT_TIMESTAMP,NO,timestamp,,timestamp,,on update CURRENT_TIMESTAMP
chul_09_db,Gs_Csum,hcode,1,,YES,varchar,5,varchar(5),MUL,
chul_09_db,Gs_Csum,gdate,2,,YES,varchar,10,varchar(10),,
chul_09_db,Gs_Csum,scode,3,,YES,char,1,char(1),,
chul_09_db,Gs_Csum,gcode,4,,YES,varchar,10,varchar(10),,
chul_09_db,Gs_Csum,giqut,5,,YES,double,,"double(10,0)",,
chul_09_db,Gs_Csum,goqut,6,,YES,double,,"double(10,0)",,
chul_09_db,Gs_Csum,gjqut,7,,YES,double,,"double(10,0)",,
chul_09_db,Gs_Csum,gbqut,8,,YES,double,,"double(10,0)",,
chul_09_db,Gs_Csum,gpqut,9,,YES,double,,"double(10,0)",,
chul_09_db,Gs_Csum,gosum,10,,YES,double,,"double(10,0)",,
chul_09_db,Gs_Csum,gbsum,11,,YES,double,,"double(10,0)",,
chul_09_db,Gs_Csum,gsumx,12,,YES,double,,"double(10,0)",,
chul_09_db,Gs_Csum,gsumy,13,,YES,double,,"double(10,0)",,
chul_09_db,Gs_Csum,check,14,,YES,char,1,char(1),,
chul_09_db,Gs_Csum,gmemo,15,CURRENT_TIMESTAMP,NO,timestamp,,timestamp,,on update CURRENT_TIMESTAMP
chul_09_db,Gs_Gsum,hcode,1,,YES,varchar,5,varchar(5),MUL,
chul_09_db,Gs_Gsum,gdate,2,,YES,varchar,10,varchar(10),,
chul_09_db,Gs_Gsum,scode,3,,YES,char,1,char(1),,
chul_09_db,Gs_Gsum,gcode,4,,YES,varchar,5,varchar(5),,
chul_09_db,Gs_Gsum,goqut,5,,YES,double,,"double(10,0)",,
chul_09_db,Gs_Gsum,gosum,6,,YES,double,,"double(10,0)",,
chul_09_db,Gs_Gsum,gjqut,7,,YES,double,,"double(10,0)",,
chul_09_db,Gs_Gsum,gjsum,8,,YES,double,,"double(10,0)",,
chul_09_db,Gs_Gsum,gbqut,9,,YES,double,,"double(10,0)",,
chul_09_db,Gs_Gsum,gbsum,10,,YES,double,,"double(10,0)",,
chul_09_db,Gs_Gsum,gsusu,11,,YES,double,,"double(10,0)",,
chul_09_db,Gs_Gsum,gsumx,12,,YES,double,,"double(10,0)",,
chul_09_db,Gs_Gsum,gsumy,13,,YES,double,,"double(10,0)",,
chul_09_db,Gs_Gsum,check,14,,YES,char,1,char(1),,
chul_09_db,Gs_Gsum,gmemo,15,CURRENT_TIMESTAMP,NO,timestamp,,timestamp,,on update CURRENT_TIMESTAMP
chul_09_db,H1_Gbun,id,1,,NO,int,,int(11),PRI,auto_increment
chul_09_db,H1_Gbun,hcode,2,,YES,varchar,5,varchar(5),MUL,
chul_09_db,H1_Gbun,gcode,3,,YES,varchar,5,varchar(5),,
chul_09_db,H1_Gbun,gname,4,,YES,varchar,50,varchar(50),,
chul_09_db,H1_Gbun,oname,5,,YES,varchar,50,varchar(50),,
chul_09_db,H1_Gbun,gdate,6,,YES,varchar,10,varchar(10),,
chul_09_db,H1_Gbun,clas1,7,,YES,double,,"double(10,0)",,
chul_09_db,H1_Gbun,clas2,8,,YES,double,,"double(10,0)",,
chul_09_db,H1_Gbun,clas3,9,,YES,double,,"double(10,0)",,
chul_09_db,H1_Gbun,gsum1,10,,YES,double,,"double(10,0)",,
chul_09_db,H1_Gbun,gsum2,11,,YES,double,,"double(10,0)",,
chul_09_db,H1_Gbun,gsum3,12,,YES,double,,"double(10,0)",,
chul_09_db,H1_Gbun,scode,13,,YES,char,1,char(1),,
chul_09_db,H1_Gbun,check,14,,YES,char,1,char(1),,
chul_09_db,H1_Gbun,gmemo,15,CURRENT_TIMESTAMP,NO,timestamp,,timestamp,,on update CURRENT_TIMESTAMP
chul_09_db,H1_Ssub,id,1,,NO,int,,int(11),PRI,auto_increment
chul_09_db,H1_Ssub,idnum,2,,YES,int,,int(11),,
chul_09_db,H1_Ssub,hcode,3,,YES,varchar,5,varchar(5),MUL,
chul_09_db,H1_Ssub,gdate,4,,YES,varchar,10,varchar(10),MUL,
chul_09_db,H1_Ssub,gubun,5,,YES,varchar,4,varchar(4),,
chul_09_db,H1_Ssub,scode,6,,YES,char,1,char(1),,
chul_09_db,H1_Ssub,gcode,7,,YES,varchar,5,varchar(5),MUL,
chul_09_db,H1_Ssub,gname,8,,YES,varchar,50,varchar(50),,
chul_09_db,H1_Ssub,tcode,9,,YES,char,1,char(1),,
chul_09_db,H1_Ssub,ocode,10,,YES,varchar,5,varchar(5),MUL,
chul_09_db,H1_Ssub,oname,11,,YES,varchar,50,varchar(50),,
chul_09_db,H1_Ssub,gssum,12,,YES,double,,"double(10,0)",,
chul_09_db,H1_Ssub,gsumx,13,,YES,double,,"double(10,0)",,
chul_09_db,H1_Ssub,gsumy,14,,YES,double,,"double(10,0)",,
chul_09_db,H1_Ssub,pubun,15,,YES,varchar,4,varchar(4),,
chul_09_db,H1_Ssub,gbigo,16,,YES,varchar,50,varchar(50),,
chul_09_db,H1_Ssub,check,17,,YES,char,1,char(1),,
chul_09_db,H1_Ssub,time1,18,,YES,datetime,,datetime,,
chul_09_db,H1_Ssub,time2,19,,YES,datetime,,datetime,,
chul_09_db,H1_Ssub,time3,20,,YES,datetime,,datetime,,
chul_09_db,H1_Ssub,gmemo,21,CURRENT_TIMESTAMP,NO,timestamp,,timestamp,,on update CURRENT_TIMESTAMP
chul_09_db,H2_Gbun,id,1,,NO,int,,int(11),PRI,auto_increment
chul_09_db,H2_Gbun,hcode,2,,YES,varchar,5,varchar(5),MUL,
chul_09_db,H2_Gbun,gcode,3,,YES,varchar,5,varchar(5),,
chul_09_db,H2_Gbun,gname,4,,YES,varchar,20,varchar(20),,
chul_09_db,H2_Gbun,oname,5,,YES,varchar,40,varchar(40),,
chul_09_db,H2_Gbun,jubun,6,,YES,varchar,30,varchar(30),,
chul_09_db,H2_Gbun,gdate,7,,YES,varchar,10,varchar(10),,
chul_09_db,H2_Gbun,gphon,8,,YES,varchar,10,varchar(10),,
chul_09_db,H2_Gbun,gnum1,9,,YES,varchar,10,varchar(10),,
chul_09_db,H2_Gbun,clas1,10,,YES,double,,"double(10,0)",,
chul_09_db,H2_Gbun,clas2,11,,YES,double,,"double(10,0)",,
chul_09_db,H2_Gbun,clas3,12,,YES,double,,"double(10,0)",,
chul_09_db,H2_Gbun,gsum1,13,,YES,double,,"double(10,0)",,
chul_09_db,H2_Gbun,gsum2,14,,YES,double,,"double(10,0)",,
chul_09_db,H2_Gbun,gsum3,15,,YES,double,,"double(10,0)",,
chul_09_db,H2_Gbun,scode,16,,YES,char,1,char(1),,
chul_09_db,H2_Gbun,gbigo,17,,YES,varchar,50,varchar(50),,
chul_09_db,H2_Gbun,memos,18,,YES,longblob,4294967295,longblob,,
chul_09_db,H2_Gbun,check,19,,YES,char,1,char(1),,
chul_09_db,H2_Gbun,gmemo,20,CURRENT_TIMESTAMP,NO,timestamp,,timestamp,,on update CURRENT_TIMESTAMP
chul_09_db,H4_Iyeo,id,1,,NO,int,,int(11),PRI,auto_increment
chul_09_db,H4_Iyeo,idnum,2,,YES,int,,int(11),,
chul_09_db,H4_Iyeo,hcode,3,,YES,varchar,5,varchar(5),MUL,
chul_09_db,H4_Iyeo,gnumb,4,,YES,varchar,30,varchar(30),,
chul_09_db,H4_Iyeo,gname,5,,YES,varchar,50,varchar(50),,
chul_09_db,H4_Iyeo,gposa,6,,YES,varchar,30,varchar(30),,
chul_09_db,H4_Iyeo,date1,7,,YES,varchar,10,varchar(10),,
chul_09_db,H4_Iyeo,date2,8,,YES,varchar,10,varchar(10),,
chul_09_db,H4_Iyeo,date3,9,,YES,varchar,10,varchar(10),,
chul_09_db,H4_Iyeo,date4,10,,YES,varchar,10,varchar(10),,
chul_09_db,H4_Iyeo,gbang,11,,YES,varchar,50,varchar(50),,
chul_09_db,H4_Iyeo,name1,12,,YES,varchar,50,varchar(50),,
chul_09_db,H4_Iyeo,name2,13,,YES,varchar,50,varchar(50),,
chul_09_db,H4_Iyeo,scode,14,,YES,varchar,8,varchar(8),,
chul_09_db,H4_Iyeo,grat1,15,,YES,int,,int(11),,
chul_09_db,H4_Iyeo,gosum,16,,YES,double,,"double(10,0)",,
chul_09_db,H4_Iyeo,gssum,17,,YES,double,,"double(10,0)",,
chul_09_db,H4_Iyeo,gbigo,18,,YES,varchar,50,varchar(50),,
chul_09_db,H4_Iyeo,check,19,,YES,char,1,char(1),,
chul_09_db,H4_Iyeo,gmemo,20,CURRENT_TIMESTAMP,NO,timestamp,,timestamp,,on update CURRENT_TIMESTAMP
chul_09_db,H5_Bang,id,1,,NO,int,,int(11),PRI,auto_increment
chul_09_db,H5_Bang,hcode,2,,YES,varchar,5,varchar(5),MUL,
chul_09_db,H5_Bang,gcode,3,,YES,varchar,8,varchar(8),,
chul_09_db,H5_Bang,gname,4,,YES,varchar,50,varchar(50),,
chul_09_db,H5_Bang,gposa,5,,YES,varchar,30,varchar(30),,
chul_09_db,H5_Bang,gnumb,6,,YES,varchar,24,varchar(24),,
chul_09_db,H5_Bang,gubun,7,,YES,varchar,20,varchar(20),,
chul_09_db,H5_Bang,gtels,8,,YES,varchar,15,varchar(15),,
chul_09_db,H5_Bang,name1,9,,YES,varchar,20,varchar(20),,
chul_09_db,H5_Bang,name2,10,,YES,varchar,20,varchar(20),,
chul_09_db,H5_Bang,gdate,11,,YES,varchar,10,varchar(10),,
chul_09_db,H5_Bang,class,12,,YES,double,,"double(10,0)",,
chul_09_db,H5_Bang,gssum,13,,YES,double,,"double(10,0)",,
chul_09_db,H5_Bang,gsusu,14,,YES,double,,"double(10,0)",,
chul_09_db,H5_Bang,check,15,,YES,char,1,char(1),,
chul_09_db,H5_Bang,gmemo,16,CURRENT_TIMESTAMP,NO,timestamp,,timestamp,,on update CURRENT_TIMESTAMP
chul_09_db,Id_Logn,id,1,,NO,int,,int(11),PRI,auto_increment
chul_09_db,Id_Logn,hcode,2,,YES,varchar,5,varchar(5),,
chul_09_db,Id_Logn,hname,3,,YES,varchar,50,varchar(50),,
chul_09_db,Id_Logn,gcode,4,,YES,varchar,50,varchar(50),MUL,
chul_09_db,Id_Logn,gname,5,,YES,varchar,50,varchar(50),,
chul_09_db,Id_Logn,f11,6,,YES,char,1,char(1),,
chul_09_db,Id_Logn,f12,7,,YES,char,1,char(1),,
chul_09_db,Id_Logn,f13,8,,YES,char,1,char(1),,
chul_09_db,Id_Logn,f14,9,,YES,char,1,char(1),,
chul_09_db,Id_Logn,f15,10,,YES,char,1,char(1),,
chul_09_db,Id_Logn,f16,11,,YES,char,1,char(1),,
chul_09_db,Id_Logn,f17,12,,YES,char,1,char(1),,
chul_09_db,Id_Logn,f18,13,,YES,char,1,char(1),,
chul_09_db,Id_Logn,f19,14,,YES,char,1,char(1),,
chul_09_db,Id_Logn,f21,15,,YES,char,1,char(1),,
chul_09_db,Id_Logn,f22,16,,YES,char,1,char(1),,
chul_09_db,Id_Logn,f23,17,,YES,char,1,char(1),,
chul_09_db,Id_Logn,f24,18,,YES,char,1,char(1),,
chul_09_db,Id_Logn,f25,19,,YES,char,1,char(1),,
chul_09_db,Id_Logn,f26,20,,YES,char,1,char(1),,
chul_09_db,Id_Logn,f27,21,,YES,char,1,char(1),,
chul_09_db,Id_Logn,f28,22,,YES,char,1,char(1),,
chul_09_db,Id_Logn,f29,23,,YES,char,1,char(1),,
chul_09_db,Id_Logn,f31,24,,YES,char,1,char(1),,
chul_09_db,Id_Logn,f32,25,,YES,char,1,char(1),,
chul_09_db,Id_Logn,f33,26,,YES,char,1,char(1),,
chul_09_db,Id_Logn,f34,27,,YES,char,1,char(1),,
chul_09_db,Id_Logn,f35,28,,YES,char,1,char(1),,
chul_09_db,Id_Logn,f36,29,,YES,char,1,char(1),,
chul_09_db,Id_Logn,f37,30,,YES,char,1,char(1),,
chul_09_db,Id_Logn,f38,31,,YES,char,1,char(1),,
chul_09_db,Id_Logn,f39,32,,YES,char,1,char(1),,
chul_09_db,Id_Logn,f41,33,,YES,char,1,char(1),,
chul_09_db,Id_Logn,f42,34,,YES,char,1,char(1),,
chul_09_db,Id_Logn,f43,35,,YES,char,1,char(1),,
chul_09_db,Id_Logn,f44,36,,YES,char,1,char(1),,
chul_09_db,Id_Logn,f45,37,,YES,char,1,char(1),,
chul_09_db,Id_Logn,f46,38,,YES,char,1,char(1),,
chul_09_db,Id_Logn,f47,39,,YES,char,1,char(1),,
chul_09_db,Id_Logn,f48,40,,YES,char,1,char(1),,
chul_09_db,Id_Logn,f49,41,,YES,char,1,char(1),,
chul_09_db,Id_Logn,f51,42,,YES,char,1,char(1),,
chul_09_db,Id_Logn,f52,43,,YES,char,1,char(1),,
chul_09_db,Id_Logn,f53,44,,YES,char,1,char(1),,
chul_09_db,Id_Logn,f54,45,,YES,char,1,char(1),,
chul_09_db,Id_Logn,f55,46,,YES,char,1,char(1),,
chul_09_db,Id_Logn,f56,47,,YES,char,1,char(1),,
chul_09_db,Id_Logn,f57,48,,YES,char,1,char(1),,
chul_09_db,Id_Logn,f58,49,,YES,char,1,char(1),,
chul_09_db,Id_Logn,f59,50,,YES,char,1,char(1),,
chul_09_db,Id_Logn,f61,51,,YES,char,1,char(1),,
chul_09_db,Id_Logn,f62,52,,YES,char,1,char(1),,
chul_09_db,Id_Logn,f63,53,,YES,char,1,char(1),,
chul_09_db,Id_Logn,f64,54,,YES,char,1,char(1),,
chul_09_db,Id_Logn,f65,55,,YES,char,1,char(1),,
chul_09_db,Id_Logn,f66,56,,YES,char,1,char(1),,
chul_09_db,Id_Logn,f67,57,,YES,char,1,char(1),,
chul_09_db,Id_Logn,f68,58,,YES,char,1,char(1),,
chul_09_db,Id_Logn,f69,59,,YES,char,1,char(1),,
chul_09_db,Id_Logn,f71,60,,YES,char,1,char(1),,
chul_09_db,Id_Logn,f72,61,,YES,char,1,char(1),,
chul_09_db,Id_Logn,f73,62,,YES,char,1,char(1),,
chul_09_db,Id_Logn,f74,63,,YES,char,1,char(1),,
chul_09_db,Id_Logn,f75,64,,YES,char,1,char(1),,
chul_09_db,Id_Logn,f76,65,,YES,char,1,char(1),,
chul_09_db,Id_Logn,f77,66,,YES,char,1,char(1),,
chul_09_db,Id_Logn,f78,67,,YES,char,1,char(1),,
chul_09_db,Id_Logn,f79,68,,YES,char,1,char(1),,
chul_09_db,Id_Logn,f81,69,,YES,char,1,char(1),,
chul_09_db,Id_Logn,f82,70,,YES,char,1,char(1),,
chul_09_db,Id_Logn,f83,71,,YES,char,1,char(1),,
chul_09_db,Id_Logn,f84,72,,YES,char,1,char(1),,
chul_09_db,Id_Logn,f85,73,,YES,char,1,char(1),,
chul_09_db,Id_Logn,f86,74,,YES,char,1,char(1),,
chul_09_db,Id_Logn,f87,75,,YES,char,1,char(1),,
chul_09_db,Id_Logn,f88,76,,YES,char,1,char(1),,
chul_09_db,Id_Logn,f89,77,,YES,char,1,char(1),,
chul_09_db,Id_Logn,gpass,78,,YES,varchar,20,varchar(20),,
chul_09_db,Id_Logn,gmemo,79,CURRENT_TIMESTAMP,NO,timestamp,,timestamp,,on update CURRENT_TIMESTAMP
chul_09_db,Id_Memo,id,1,,NO,int,,int(11),PRI,auto_increment
chul_09_db,Id_Memo,hcode,2,,YES,varchar,5,varchar(5),MUL,
chul_09_db,Id_Memo,gdate,3,,YES,varchar,10,varchar(10),,
chul_09_db,Id_Memo,gname,4,,YES,varchar,50,varchar(50),,
chul_09_db,Id_Memo,gnumb,5,,YES,float,,float,,
chul_09_db,Id_Memo,time1,6,,YES,datetime,,datetime,,
chul_09_db,Id_Memo,time2,7,,YES,datetime,,datetime,,
chul_09_db,Id_Memo,time3,8,,YES,datetime,,datetime,,
chul_09_db,Id_Memo,gmemo,9,CURRENT_TIMESTAMP,NO,timestamp,,timestamp,,on update CURRENT_TIMESTAMP
chul_09_db,Ie_Logn,id,1,,NO,int,,int(11),PRI,auto_increment
chul_09_db,Ie_Logn,hcode,2,,YES,varchar,5,varchar(5),MUL,
chul_09_db,Ie_Logn,scode,3,,YES,char,1,char(1),,
chul_09_db,Ie_Logn,gcode,4,,YES,varchar,5,varchar(5),,
chul_09_db,Ie_Logn,bcode,5,,YES,varchar,10,varchar(10),,
chul_09_db,Ie_Logn,check,6,,YES,char,1,char(1),,
chul_09_db,Ie_Logn,gmemo,7,CURRENT_TIMESTAMP,NO,timestamp,,timestamp,,on update CURRENT_TIMESTAMP
chul_09_db,Ie_Memo,id,1,,NO,int,,int(11),PRI,auto_increment
chul_09_db,Ie_Memo,hcode,2,,YES,varchar,5,varchar(5),MUL,
chul_09_db,Ie_Memo,gcode,3,,YES,varchar,5,varchar(5),,
chul_09_db,Ie_Memo,gdate,4,,YES,varchar,10,varchar(10),,
chul_09_db,Ie_Memo,gname,5,,YES,varchar,50,varchar(50),,
chul_09_db,Ie_Memo,gnumb,6,,YES,float,,float,,
chul_09_db,Ie_Memo,time1,7,,YES,datetime,,datetime,,
chul_09_db,Ie_Memo,time2,8,,YES,datetime,,datetime,,
chul_09_db,Ie_Memo,time3,9,,YES,datetime,,datetime,,
chul_09_db,Ie_Memo,gmemo,10,CURRENT_TIMESTAMP,NO,timestamp,,timestamp,,on update CURRENT_TIMESTAMP
chul_09_db,In_Csum,id,1,,NO,int,,int(11),PRI,auto_increment
chul_09_db,In_Csum,hcode,2,,YES,varchar,5,varchar(5),MUL,
chul_09_db,In_Csum,gdate,3,,YES,varchar,10,varchar(10),,
chul_09_db,In_Csum,scode,4,,YES,char,1,char(1),,
chul_09_db,In_Csum,gcode,5,,YES,varchar,10,varchar(10),,
chul_09_db,In_Csum,gssum,6,,YES,double,,"double(10,0)",,
chul_09_db,In_Csum,check,7,,YES,char,1,char(1),,
chul_09_db,In_Csum,gmemo,8,CURRENT_TIMESTAMP,NO,timestamp,,timestamp,,on update CURRENT_TIMESTAMP
chul_09_db,In_Gsum,id,1,,NO,int,,int(11),PRI,auto_increment
chul_09_db,In_Gsum,hcode,2,,YES,varchar,5,varchar(5),MUL,
chul_09_db,In_Gsum,gdate,3,,YES,varchar,10,varchar(10),,
chul_09_db,In_Gsum,scode,4,,YES,char,1,char(1),,
chul_09_db,In_Gsum,gcode,5,,YES,varchar,5,varchar(5),,
chul_09_db,In_Gsum,gssum,6,,YES,double,,"double(10,0)",,
chul_09_db,In_Gsum,check,7,,YES,char,1,char(1),,
chul_09_db,In_Gsum,gmemo,8,CURRENT_TIMESTAMP,NO,timestamp,,timestamp,,on update CURRENT_TIMESTAMP
chul_09_db,J1_Sub1,id,1,,NO,int,,int(11),PRI,auto_increment
chul_09_db,J1_Sub1,hcode,2,,YES,varchar,5,varchar(5),MUL,
chul_09_db,J1_Sub1,bcode,3,,YES,varchar,10,varchar(10),MUL,
chul_09_db,J1_Sub1,gpan1,4,,YES,varchar,5,varchar(5),,
chul_09_db,J1_Sub1,gpan2,5,,YES,varchar,5,varchar(5),,
chul_09_db,J1_Sub1,gdate,6,,YES,varchar,10,varchar(10),MUL,
chul_09_db,J1_Sub1,gdang,7,,YES,double,,"double(10,0)",,
chul_09_db,J1_Sub1,grat1,8,,YES,int,,int(11),,
chul_09_db,J1_Sub1,gsum1,9,,YES,double,,"double(10,0)",,
chul_09_db,J1_Sub1,gsqut,10,,YES,double,,"double(10,0)",,
chul_09_db,J1_Sub1,gbigo,11,,YES,blob,65535,blob,,
chul_09_db,J1_Sub1,gfile,12,,YES,varchar,200,varchar(200),,
chul_09_db,J1_Sub1,gfold,13,,YES,varchar,200,varchar(200),,
chul_09_db,J1_Sub1,gmemo,14,CURRENT_TIMESTAMP,NO,timestamp,,timestamp,,on update CURRENT_TIMESTAMP
chul_09_db,J2_Sub1,Id,1,,NO,int,,int(11),PRI,auto_increment
chul_09_db,J2_Sub2,Id,1,,NO,int,,int(11),PRI,auto_increment
chul_09_db,J3_Sub1,Id,1,,NO,int,,int(11),PRI,auto_increment
chul_09_db,J4_Sub1,Id,1,,NO,int,,int(11),PRI,auto_increment
chul_09_db,J5_Sub1,Id,1,,NO,int,,int(11),PRI,auto_increment
chul_09_db,J6_Sub1,Id,1,,NO,int,,int(11),PRI,auto_increment
chul_09_db,J6_Sub2,Id,1,,NO,int,,int(11),PRI,auto_increment
chul_09_db,J6_Sub3,Id,1,,NO,int,,int(11),PRI,auto_increment
chul_09_db,J7_Sub1,Id,1,,NO,int,,int(11),PRI,auto_increment
chul_09_db,J8_Sub1,Id,1,,NO,int,,int(11),PRI,auto_increment
chul_09_db,J9_Sub1,Id,1,,NO,int,,int(11),PRI,auto_increment
chul_09_db,J9_Sub2,Id,1,,NO,int,,int(11),PRI,auto_increment
chul_09_db,Me_Sage,Id,1,,NO,int,,int(11),PRI,auto_increment
chul_09_db,Me_Sage,gdate,2,,YES,varchar,10,varchar(10),,
chul_09_db,Me_Sage,date1,3,,YES,varchar,10,varchar(10),,
chul_09_db,Me_Sage,date2,4,,YES,varchar,10,varchar(10),,
chul_09_db,Me_Sage,hcode,5,,YES,varchar,5,varchar(5),,
chul_09_db,Me_Sage,gbigo,6,,YES,longblob,4294967295,longblob,,
chul_09_db,Me_Sage,check,7,,YES,char,1,char(1),,
chul_09_db,Me_Sage,gmemo,8,CURRENT_TIMESTAMP,NO,timestamp,,timestamp,,on update CURRENT_TIMESTAMP
chul_09_db,S1_Chek,id,1,,NO,int,,int(11),PRI,auto_increment
chul_09_db,S1_Chek,hcode,2,,YES,varchar,5,varchar(5),MUL,
chul_09_db,S1_Chek,gdate,3,,YES,varchar,10,varchar(10),MUL,
chul_09_db,S1_Chek,scode,4,,YES,char,1,char(1),,
chul_09_db,S1_Chek,gcode,5,,YES,varchar,5,varchar(5),MUL,
chul_09_db,S1_Chek,ocode,6,,YES,char,1,char(1),,
chul_09_db,S1_Chek,jubun,7,,YES,char,2,char(2),,
chul_09_db,S1_Chek,gjisa,8,,YES,varchar,30,varchar(30),,
chul_09_db,S1_Chek,gposa,9,,YES,varchar,50,varchar(50),,
chul_09_db,S1_Chek,bcode,10,,YES,varchar,10,varchar(10),,
chul_09_db,S1_Chek,gbigo,11,,YES,varchar,100,varchar(100),,
chul_09_db,S1_Chek,gsqut,12,,YES,double,,"double(10,0)",,
chul_09_db,S1_Chek,gssum,13,,YES,double,,"double(10,0)",,
chul_09_db,S1_Chek,yesno,14,,YES,varchar,5,varchar(5),,
chul_09_db,S1_Chek,gnumb,15,,YES,char,2,char(2),,
chul_09_db,S1_Chek,check,16,,YES,char,1,char(1),,
chul_09_db,S1_Chek,time1,17,,YES,datetime,,datetime,,
chul_09_db,S1_Chek,time2,18,,YES,datetime,,datetime,,
chul_09_db,S1_Chek,time3,19,,YES,datetime,,datetime,,
chul_09_db,S1_Chek,gmemo,20,CURRENT_TIMESTAMP,NO,timestamp,,timestamp,,on update CURRENT_TIMESTAMP
chul_09_db,S1_Memo,id,1,,NO,int,,int(11),PRI,auto_increment
chul_09_db,S1_Memo,hcode,2,,YES,varchar,5,varchar(5),MUL,
chul_09_db,S1_Memo,gdate,3,,YES,varchar,10,varchar(10),MUL,
chul_09_db,S1_Memo,scode,4,,YES,char,1,char(1),,
chul_09_db,S1_Memo,gcode,5,,YES,varchar,5,varchar(5),MUL,
chul_09_db,S1_Memo,gubun,6,,YES,varchar,4,varchar(4),,
chul_09_db,S1_Memo,jubun,7,,YES,char,2,char(2),,
chul_09_db,S1_Memo,ocode,8,,YES,char,1,char(1),,
chul_09_db,S1_Memo,pubun,9,,YES,varchar,4,varchar(4),,
chul_09_db,S1_Memo,gpost,10,,YES,varchar,7,varchar(7),,
chul_09_db,S1_Memo,gbigo,11,,YES,varchar,90,varchar(90),,
chul_09_db,S1_Memo,sbigo,12,,YES,varchar,90,varchar(90),,
chul_09_db,S1_Memo,gtel1,13,,YES,varchar,20,varchar(20),,
chul_09_db,S1_Memo,gtel2,14,,YES,varchar,20,varchar(20),,
chul_09_db,S1_Memo,gname,15,,YES,varchar,30,varchar(30),,
chul_09_db,S1_Memo,gjisa,16,,YES,varchar,30,varchar(30),,
chul_09_db,S1_Memo,check,17,,YES,char,1,char(1),,
chul_09_db,S1_Memo,time1,18,,YES,datetime,,datetime,,
chul_09_db,S1_Memo,time2,19,,YES,datetime,,datetime,,
chul_09_db,S1_Memo,time3,20,,YES,datetime,,datetime,,
chul_09_db,S1_Memo,gmemo,21,CURRENT_TIMESTAMP,NO,timestamp,,timestamp,,on update CURRENT_TIMESTAMP
chul_09_db,S1_Ssub,id,1,,NO,int,,int(11),PRI,auto_increment
chul_09_db,S1_Ssub,icode,2,,YES,int,,int(11),MUL,
chul_09_db,S1_Ssub,idnum,3,,YES,int,,int(11),,
chul_09_db,S1_Ssub,hcode,4,,YES,varchar,5,varchar(5),MUL,
chul_09_db,S1_Ssub,gdate,5,,YES,varchar,10,varchar(10),MUL,
chul_09_db,S1_Ssub,bdate,6,,YES,varchar,10,varchar(10),MUL,
chul_09_db,S1_Ssub,scode,7,,YES,char,1,char(1),,
chul_09_db,S1_Ssub,gcode,8,,YES,varchar,5,varchar(5),MUL,
chul_09_db,S1_Ssub,ocode,9,,YES,char,1,char(1),,
chul_09_db,S1_Ssub,bcode,10,,YES,varchar,10,varchar(10),MUL,
chul_09_db,S1_Ssub,gubun,11,,YES,varchar,4,varchar(4),,
chul_09_db,S1_Ssub,jubun,12,,YES,char,2,char(2),,
chul_09_db,S1_Ssub,pubun,13,,YES,varchar,4,varchar(4),,
chul_09_db,S1_Ssub,gsqut,14,,YES,double,,"double(10,0)",,
chul_09_db,S1_Ssub,qsqut,15,,YES,double,,"double(10,0)",,
chul_09_db,S1_Ssub,gdang,16,,YES,double,,"double(10,0)",,
chul_09_db,S1_Ssub,grat1,17,,YES,int,,int(11),,
chul_09_db,S1_Ssub,gssum,18,,YES,double,,"double(10,0)",,
chul_09_db,S1_Ssub,jeago,19,,YES,double,,"double(10,0)",,
chul_09_db,S1_Ssub,gbigo,20,,YES,varchar,50,varchar(50),,
chul_09_db,S1_Ssub,yesno,21,,YES,varchar,5,varchar(5),,
chul_09_db,S1_Ssub,gjisa,22,,YES,varchar,30,varchar(30),,
chul_09_db,S1_Ssub,check,23,,YES,char,1,char(1),,
chul_09_db,S1_Ssub,time1,24,,YES,datetime,,datetime,,
chul_09_db,S1_Ssub,time2,25,,YES,datetime,,datetime,,
chul_09_db,S1_Ssub,time3,26,,YES,datetime,,datetime,,
chul_09_db,S1_Ssub,time4,27,,YES,datetime,,datetime,,
chul_09_db,S1_Ssub,gmemo,28,CURRENT_TIMESTAMP,NO,timestamp,,timestamp,,on update CURRENT_TIMESTAMP
chul_09_db,S2_Ssub,id,1,,NO,int,,int(11),PRI,auto_increment
chul_09_db,S2_Ssub,ycode,2,,YES,varchar,5,varchar(5),MUL,
chul_09_db,S2_Ssub,gdate,3,,YES,varchar,10,varchar(10),,
chul_09_db,S2_Ssub,gubun,4,,YES,varchar,10,varchar(10),,
chul_09_db,S2_Ssub,scode,5,,YES,char,1,char(1),,
chul_09_db,S2_Ssub,gcode,6,,YES,varchar,5,varchar(5),,
chul_09_db,S2_Ssub,gname,7,,YES,varchar,50,varchar(50),,
chul_09_db,S2_Ssub,hcode,8,,YES,char,1,char(1),,
chul_09_db,S2_Ssub,ocode,9,,YES,varchar,5,varchar(5),,
chul_09_db,S2_Ssub,oname,10,,YES,varchar,50,varchar(50),,
chul_09_db,S2_Ssub,bcode,11,,YES,varchar,10,varchar(10),,
chul_09_db,S2_Ssub,jubun,12,,YES,varchar,20,varchar(20),,
chul_09_db,S2_Ssub,gsqut,13,,YES,double,,"double(10,0)",,
chul_09_db,S2_Ssub,gdang,14,,YES,double,,"double(10,0)",,
chul_09_db,S2_Ssub,gssum,15,,YES,double,,"double(10,0)",,
chul_09_db,S2_Ssub,gbigo,16,,YES,varchar,50,varchar(50),,
chul_09_db,S2_Ssub,check,17,,YES,char,1,char(1),,
chul_09_db,S2_Ssub,gmemo,18,CURRENT_TIMESTAMP,NO,timestamp,,timestamp,,on update CURRENT_TIMESTAMP
chul_09_db,S3_Ssub,id,1,,NO,int,,int(11),PRI,auto_increment
chul_09_db,S3_Ssub,hcode,2,,YES,varchar,5,varchar(5),MUL,
chul_09_db,S3_Ssub,gcode,3,,YES,varchar,5,varchar(5),,
chul_09_db,S3_Ssub,gname,4,,YES,varchar,50,varchar(50),,
chul_09_db,S3_Ssub,gdate,5,,YES,varchar,10,varchar(10),,
chul_09_db,S3_Ssub,bcode,6,,YES,varchar,50,varchar(50),,
chul_09_db,S3_Ssub,gssum,7,,YES,double,,"double(10,0)",,
chul_09_db,S3_Ssub,grat1,8,,YES,double,,"double(10,0)",,
chul_09_db,S3_Ssub,gisum,9,,YES,double,,"double(10,0)",,
chul_09_db,S3_Ssub,gosum,10,,YES,double,,"double(10,0)",,
chul_09_db,S3_Ssub,gbsum,11,,YES,double,,"double(10,0)",,
chul_09_db,S3_Ssub,check,12,,YES,char,1,char(1),,
chul_09_db,S3_Ssub,gmemo,13,CURRENT_TIMESTAMP,NO,timestamp,,timestamp,,on update CURRENT_TIMESTAMP
chul_09_db,S7_Memo,id,1,,NO,int,,int(11),PRI,auto_increment
chul_09_db,S7_Memo,hcode,2,,YES,varchar,5,varchar(5),MUL,
chul_09_db,S7_Memo,gdate,3,,YES,varchar,10,varchar(10),MUL,
chul_09_db,S7_Memo,scode,4,,YES,char,1,char(1),,
chul_09_db,S7_Memo,gcode,5,,YES,varchar,5,varchar(5),MUL,
chul_09_db,S7_Memo,gubun,6,,YES,varchar,4,varchar(4),,
chul_09_db,S7_Memo,jubun,7,,YES,char,2,char(2),,
chul_09_db,S7_Memo,ocode,8,,YES,char,1,char(1),,
chul_09_db,S7_Memo,pubun,9,,YES,varchar,4,varchar(4),,
chul_09_db,S7_Memo,gpost,10,,YES,varchar,7,varchar(7),,
chul_09_db,S7_Memo,gbigo,11,,YES,varchar,90,varchar(90),,
chul_09_db,S7_Memo,sbigo,12,,YES,varchar,90,varchar(90),,
chul_09_db,S7_Memo,gtel1,13,,YES,varchar,20,varchar(20),,
chul_09_db,S7_Memo,gtel2,14,,YES,varchar,20,varchar(20),,
chul_09_db,S7_Memo,gname,15,,YES,varchar,30,varchar(30),,
chul_09_db,S7_Memo,gjisa,16,,YES,varchar,30,varchar(30),,
chul_09_db,S7_Memo,check,17,,YES,char,1,char(1),,
chul_09_db,S7_Memo,time1,18,,YES,datetime,,datetime,,
chul_09_db,S7_Memo,time2,19,,YES,datetime,,datetime,,
chul_09_db,S7_Memo,time3,20,,YES,datetime,,datetime,,
chul_09_db,S7_Memo,gmemo,21,CURRENT_TIMESTAMP,NO,timestamp,,timestamp,,on update CURRENT_TIMESTAMP
chul_09_db,S7_Ssub,id,1,,NO,int,,int(11),PRI,auto_increment
chul_09_db,S7_Ssub,icode,2,,YES,int,,int(11),MUL,
chul_09_db,S7_Ssub,idnum,3,,YES,int,,int(11),,
chul_09_db,S7_Ssub,hcode,4,,YES,varchar,5,varchar(5),MUL,
chul_09_db,S7_Ssub,gdate,5,,YES,varchar,10,varchar(10),MUL,
chul_09_db,S7_Ssub,bdate,6,,YES,varchar,10,varchar(10),MUL,
chul_09_db,S7_Ssub,scode,7,,YES,char,1,char(1),,
chul_09_db,S7_Ssub,gcode,8,,YES,varchar,5,varchar(5),MUL,
chul_09_db,S7_Ssub,ocode,9,,YES,char,1,char(1),,
chul_09_db,S7_Ssub,bcode,10,,YES,varchar,10,varchar(10),MUL,
chul_09_db,S7_Ssub,gubun,11,,YES,varchar,4,varchar(4),,
chul_09_db,S7_Ssub,jubun,12,,YES,char,2,char(2),,
chul_09_db,S7_Ssub,pubun,13,,YES,varchar,4,varchar(4),,
chul_09_db,S7_Ssub,gsqut,14,,YES,double,,"double(10,0)",,
chul_09_db,S7_Ssub,qsqut,15,,YES,double,,"double(10,0)",,
chul_09_db,S7_Ssub,gdang,16,,YES,double,,"double(10,0)",,
chul_09_db,S7_Ssub,grat1,17,,YES,int,,int(11),,
chul_09_db,S7_Ssub,gssum,18,,YES,double,,"double(10,0)",,
chul_09_db,S7_Ssub,jeago,19,,YES,double,,"double(10,0)",,
chul_09_db,S7_Ssub,gbigo,20,,YES,varchar,50,varchar(50),,
chul_09_db,S7_Ssub,yesno,21,,YES,varchar,5,varchar(5),,
chul_09_db,S7_Ssub,gjisa,22,,YES,varchar,30,varchar(30),,
chul_09_db,S7_Ssub,check,23,,YES,char,1,char(1),,
chul_09_db,S7_Ssub,time1,24,,YES,datetime,,datetime,,
chul_09_db,S7_Ssub,time2,25,,YES,datetime,,datetime,,
chul_09_db,S7_Ssub,time3,26,,YES,datetime,,datetime,,
chul_09_db,S7_Ssub,time4,27,,YES,datetime,,datetime,,
chul_09_db,S7_Ssub,gmemo,28,CURRENT_TIMESTAMP,NO,timestamp,,timestamp,,on update CURRENT_TIMESTAMP
chul_09_db,Sb_Csum,id,1,,NO,int,,int(11),PRI,auto_increment
chul_09_db,Sb_Csum,hcode,2,,YES,varchar,5,varchar(5),MUL,
chul_09_db,Sb_Csum,gdate,3,,YES,varchar,10,varchar(10),,
chul_09_db,Sb_Csum,scode,4,,YES,char,1,char(1),,
chul_09_db,Sb_Csum,gcode,5,,YES,varchar,10,varchar(10),,
chul_09_db,Sb_Csum,gubun,6,,YES,varchar,4,varchar(4),,
chul_09_db,Sb_Csum,gsqut,7,,YES,double,,"double(10,0)",,
chul_09_db,Sb_Csum,gbigo,8,,YES,varchar,50,varchar(50),,
chul_09_db,Sb_Csum,check,9,,YES,char,1,char(1),,
chul_09_db,Sb_Csum,gmemo,10,CURRENT_TIMESTAMP,NO,timestamp,,timestamp,,on update CURRENT_TIMESTAMP
chul_09_db,Sg_Csum,id,1,,NO,int,,int(11),PRI,auto_increment
chul_09_db,Sg_Csum,hcode,2,,YES,varchar,5,varchar(5),MUL,
chul_09_db,Sg_Csum,gdate,3,,YES,varchar,10,varchar(10),,
chul_09_db,Sg_Csum,scode,4,,YES,char,1,char(1),,
chul_09_db,Sg_Csum,gcode,5,,YES,varchar,10,varchar(10),,
chul_09_db,Sg_Csum,gssum,6,,YES,double,,"double(10,0)",,
chul_09_db,Sg_Csum,gosum,7,,YES,double,,"double(10,0)",,
chul_09_db,Sg_Csum,gbsum,8,,YES,double,,"double(10,0)",,
chul_09_db,Sg_Csum,gbigo,9,,YES,varchar,50,varchar(50),,
chul_09_db,Sg_Csum,check,10,,YES,char,1,char(1),,
chul_09_db,Sg_Csum,gmemo,11,CURRENT_TIMESTAMP,NO,timestamp,,timestamp,,on update CURRENT_TIMESTAMP
chul_09_db,Sg_Gsum,id,1,,NO,int,,int(11),PRI,auto_increment
chul_09_db,Sg_Gsum,hcode,2,,YES,varchar,5,varchar(5),MUL,
chul_09_db,Sg_Gsum,gdate,3,,YES,varchar,10,varchar(10),,
chul_09_db,Sg_Gsum,scode,4,,YES,char,1,char(1),,
chul_09_db,Sg_Gsum,gcode,5,,YES,varchar,5,varchar(5),,
chul_09_db,Sg_Gsum,gssum,6,,YES,double,,"double(10,0)",,
chul_09_db,Sg_Gsum,gosum,7,,YES,double,,"double(10,0)",,
chul_09_db,Sg_Gsum,gbsum,8,,YES,double,,"double(10,0)",,
chul_09_db,Sg_Gsum,gbigo,9,,YES,varchar,50,varchar(50),,
chul_09_db,Sg_Gsum,check,10,,YES,char,1,char(1),,
chul_09_db,Sg_Gsum,gmemo,11,CURRENT_TIMESTAMP,NO,timestamp,,timestamp,,on update CURRENT_TIMESTAMP
chul_09_db,Sm_Ggeo,id,1,,NO,int,,int(11),PRI,auto_increment
chul_09_db,Sm_Ggeo,hcode,2,,YES,varchar,5,varchar(5),MUL,
chul_09_db,Sm_Ggeo,gubun,3,,YES,varchar,4,varchar(4),,
chul_09_db,Sm_Ggeo,gcode,4,,YES,varchar,5,varchar(5),,
chul_09_db,Sm_Ggeo,bcode,5,,YES,varchar,10,varchar(10),,
chul_09_db,Sm_Ggeo,name0,6,,YES,varchar,80,varchar(80),,
chul_09_db,Sm_Ggeo,name1,7,,YES,varchar,80,varchar(80),,
chul_09_db,Sm_Ggeo,name2,8,,YES,varchar,80,varchar(80),,
chul_09_db,Sm_Ggeo,name3,9,,YES,varchar,80,varchar(80),,
chul_09_db,Sm_Ggeo,name4,10,,YES,varchar,80,varchar(80),,
chul_09_db,Sm_Ggeo,gtel0,11,,YES,varchar,15,varchar(15),,
chul_09_db,Sm_Ggeo,gtel1,12,,YES,varchar,15,varchar(15),,
chul_09_db,Sm_Ggeo,gtel2,13,,YES,varchar,15,varchar(15),,
chul_09_db,Sm_Ggeo,gtel3,14,,YES,varchar,15,varchar(15),,
chul_09_db,Sm_Ggeo,gtel4,15,,YES,varchar,15,varchar(15),,
chul_09_db,Sm_Ggeo,gbigo,16,,YES,varchar,50,varchar(50),,
chul_09_db,Sm_Ggeo,check,17,,YES,char,1,char(1),,
chul_09_db,Sm_Ggeo,gmemo,18,CURRENT_TIMESTAMP,NO,timestamp,,timestamp,,on update CURRENT_TIMESTAMP
chul_09_db,Sm_Ssub,id,1,,NO,int,,int(11),PRI,auto_increment
chul_09_db,Sm_Ssub,hcode,2,,YES,varchar,5,varchar(5),MUL,
chul_09_db,Sm_Ssub,gubun,3,,YES,varchar,4,varchar(4),MUL,
chul_09_db,Sm_Ssub,gdate,4,,YES,varchar,10,varchar(10),MUL,
chul_09_db,Sm_Ssub,gname,5,,YES,varchar,100,varchar(100),MUL,
chul_09_db,Sm_Ssub,gtel1,6,,YES,varchar,15,varchar(15),MUL,
chul_09_db,Sm_Ssub,gtel2,7,,YES,varchar,15,varchar(15),MUL,
chul_09_db,Sm_Ssub,memo0,8,,YES,varchar,50,varchar(50),,
chul_09_db,Sm_Ssub,memo1,9,,YES,longblob,4294967295,longblob,,
chul_09_db,Sm_Ssub,sdate,10,,YES,datetime,,datetime,,
chul_09_db,Sm_Ssub,gsqut,11,,YES,double,,"double(10,0)",,
chul_09_db,Sm_Ssub,gssum,12,,YES,double,,"double(10,0)",,
chul_09_db,Sm_Ssub,gcnts,13,,YES,double,,"double(10,0)",,
chul_09_db,Sm_Ssub,gleft,14,,YES,double,,"double(10,0)",,
chul_09_db,Sm_Ssub,gbigo,15,,YES,varchar,50,varchar(50),,
chul_09_db,Sm_Ssub,check,16,,YES,char,1,char(1),,
chul_09_db,Sm_Ssub,gmemo,17,CURRENT_TIMESTAMP,NO,timestamp,,timestamp,,on update CURRENT_TIMESTAMP
chul_09_db,Sv_Chng,hcode,1,,YES,varchar,5,varchar(5),MUL,
chul_09_db,Sv_Chng,gdate,2,,YES,varchar,10,varchar(10),,
chul_09_db,Sv_Chng,scode,3,,YES,char,1,char(1),,
chul_09_db,Sv_Chng,gcode,4,,YES,varchar,5,varchar(5),,
chul_09_db,Sv_Chng,goqut,5,,YES,double,,"double(10,0)",,
chul_09_db,Sv_Chng,gosum,6,,YES,double,,"double(10,0)",,
chul_09_db,Sv_Chng,gjqut,7,,YES,double,,"double(10,0)",,
chul_09_db,Sv_Chng,gjsum,8,,YES,double,,"double(10,0)",,
chul_09_db,Sv_Chng,gbqut,9,,YES,double,,"double(10,0)",,
chul_09_db,Sv_Chng,gbsum,10,,YES,double,,"double(10,0)",,
chul_09_db,Sv_Chng,gsusu,11,,YES,double,,"double(10,0)",,
chul_09_db,Sv_Chng,gssum,12,,YES,double,,"double(10,0)",,
chul_09_db,Sv_Chng,check,13,,YES,char,1,char(1),,
chul_09_db,Sv_Chng,gmemo,14,CURRENT_TIMESTAMP,NO,timestamp,,timestamp,,on update CURRENT_TIMESTAMP
chul_09_db,Sv_Csum,hcode,1,,YES,varchar,5,varchar(5),MUL,
chul_09_db,Sv_Csum,gdate,2,,YES,varchar,10,varchar(10),,
chul_09_db,Sv_Csum,scode,3,,YES,char,1,char(1),,
chul_09_db,Sv_Csum,gcode,4,,YES,varchar,10,varchar(10),,
chul_09_db,Sv_Csum,giqut,5,,YES,double,,"double(10,0)",,
chul_09_db,Sv_Csum,goqut,6,,YES,double,,"double(10,0)",,
chul_09_db,Sv_Csum,gjqut,7,,YES,double,,"double(10,0)",,
chul_09_db,Sv_Csum,gbqut,8,,YES,double,,"double(10,0)",,
chul_09_db,Sv_Csum,gpqut,9,,YES,double,,"double(10,0)",,
chul_09_db,Sv_Csum,gsqut,10,,YES,double,,"double(10,0)",,
chul_09_db,Sv_Csum,gosum,11,,YES,double,,"double(10,0)",,
chul_09_db,Sv_Csum,gsusu,12,,YES,double,,"double(10,0)",,
chul_09_db,Sv_Csum,gbsum,13,,YES,double,,"double(10,0)",,
chul_09_db,Sv_Csum,check,14,,YES,char,1,char(1),,
chul_09_db,Sv_Csum,gmemo,15,CURRENT_TIMESTAMP,NO,timestamp,,timestamp,,on update CURRENT_TIMESTAMP
chul_09_db,Sv_Ghng,hcode,1,,YES,varchar,5,varchar(5),MUL,
chul_09_db,Sv_Ghng,gdate,2,,YES,varchar,10,varchar(10),,
chul_09_db,Sv_Ghng,scode,3,,YES,char,1,char(1),,
chul_09_db,Sv_Ghng,gcode,4,,YES,varchar,10,varchar(10),,
chul_09_db,Sv_Ghng,giqut,5,,YES,double,,"double(10,0)",,
chul_09_db,Sv_Ghng,goqut,6,,YES,double,,"double(10,0)",,
chul_09_db,Sv_Ghng,gjqut,7,,YES,double,,"double(10,0)",,
chul_09_db,Sv_Ghng,gbqut,8,,YES,double,,"double(10,0)",,
chul_09_db,Sv_Ghng,gpqut,9,,YES,double,,"double(10,0)",,
chul_09_db,Sv_Ghng,gsqut,10,,YES,double,,"double(10,0)",,
chul_09_db,Sv_Ghng,gsusu,11,,YES,double,,"double(10,0)",,
chul_09_db,Sv_Ghng,gosum,12,,YES,double,,"double(10,0)",,
chul_09_db,Sv_Ghng,gbsum,13,,YES,double,,"double(10,0)",,
chul_09_db,Sv_Ghng,obqut,14,,YES,double,,"double(10,0)",,
chul_09_db,Sv_Ghng,obsum,15,,YES,double,,"double(10,0)",,
chul_09_db,Sv_Ghng,check,16,,YES,char,1,char(1),,
chul_09_db,Sv_Ghng,gmemo,17,CURRENT_TIMESTAMP,NO,timestamp,,timestamp,,on update CURRENT_TIMESTAMP
chul_09_db,Sv_Gsum,hcode,1,,YES,varchar,5,varchar(5),MUL,
chul_09_db,Sv_Gsum,gdate,2,,YES,varchar,10,varchar(10),,
chul_09_db,Sv_Gsum,scode,3,,YES,char,1,char(1),,
chul_09_db,Sv_Gsum,gcode,4,,YES,varchar,5,varchar(5),,
chul_09_db,Sv_Gsum,gubun,5,,YES,char,2,char(2),,
chul_09_db,Sv_Gsum,gsqut,6,,YES,double,,"double(10,0)",,
chul_09_db,Sv_Gsum,goqut,7,,YES,double,,"double(10,0)",,
chul_09_db,Sv_Gsum,gosum,8,,YES,double,,"double(10,0)",,
chul_09_db,Sv_Gsum,gjqut,9,,YES,double,,"double(10,0)",,
chul_09_db,Sv_Gsum,gjsum,10,,YES,double,,"double(10,0)",,
chul_09_db,Sv_Gsum,gbqut,11,,YES,double,,"double(10,0)",,
chul_09_db,Sv_Gsum,gbsum,12,,YES,double,,"double(10,0)",,
chul_09_db,Sv_Gsum,gsusu,13,,YES,double,,"double(10,0)",,
chul_09_db,Sv_Gsum,gssum,14,,YES,double,,"double(10,0)",,
chul_09_db,Sv_Gsum,check,15,,YES,char,1,char(1),,
chul_09_db,Sv_Gsum,gmemo,16,CURRENT_TIMESTAMP,NO,timestamp,,timestamp,,on update CURRENT_TIMESTAMP
chul_09_db,Sx_Chek,code1,1,,YES,char,1,char(1),MUL,
chul_09_db,Sx_Chek,code2,2,,YES,varchar,5,varchar(5),MUL,
chul_09_db,Sx_Host,code1,1,,YES,char,1,char(1),MUL,
chul_09_db,Sx_Host,code2,2,,YES,varchar,5,varchar(5),MUL,
chul_09_db,Sx_Host,idkey,3,,NO,int,,int(11),PRI,auto_increment
chul_09_db,Sx_Host,id,4,,YES,float,,float,MUL,
chul_09_db,Sx_Host,idnum,5,,YES,float,,float,,
chul_09_db,Sx_Host,scode,6,,YES,char,1,char(1),,
chul_09_db,Sx_Host,hcode,7,,YES,varchar,5,varchar(5),MUL,
chul_09_db,Sx_Host,gdate,8,,YES,varchar,10,varchar(10),MUL,
chul_09_db,Sx_Host,gcode,9,,YES,varchar,5,varchar(5),,
chul_09_db,Sx_Host,gname,10,,YES,varchar,50,varchar(50),,
chul_09_db,Sx_Host,gubun,11,,YES,varchar,4,varchar(4),,
chul_09_db,Sx_Host,jubun,12,,YES,char,2,char(2),,
chul_09_db,Sx_Host,bcode,13,,YES,varchar,10,varchar(10),,
chul_09_db,Sx_Host,bname,14,,YES,varchar,80,varchar(80),,
chul_09_db,Sx_Host,gjeja,15,,YES,varchar,30,varchar(30),,
chul_09_db,Sx_Host,ocode,16,,YES,varchar,4,varchar(4),,
chul_09_db,Sx_Host,pubun,17,,YES,varchar,4,varchar(4),,
chul_09_db,Sx_Host,gsqut,18,,YES,double,,"double(10,0)",,
chul_09_db,Sx_Host,gdang,19,,YES,double,,"double(10,0)",,
chul_09_db,Sx_Host,grat1,20,,YES,double,,"double(10,0)",,
chul_09_db,Sx_Host,gssum,21,,YES,double,,"double(10,0)",,
chul_09_db,Sx_Host,gsumx,22,,YES,double,,"double(10,0)",,
chul_09_db,Sx_Host,gsumy,23,,YES,double,,"double(10,0)",,
chul_09_db,Sx_Host,gbigo,24,,YES,varchar,50,varchar(50),,
chul_09_db,Sx_Host,gtels,25,,YES,varchar,20,varchar(20),,
chul_09_db,Sx_Host,gfaxs,26,,YES,varchar,20,varchar(20),,
chul_09_db,Sx_Host,gjisa,27,,YES,varchar,30,varchar(30),,
chul_09_db,Sx_Host,gmemo,28,CURRENT_TIMESTAMP,NO,timestamp,,timestamp,,on update CURRENT_TIMESTAMP
chul_09_db,Sx_Memo,code1,1,,YES,char,1,char(1),,
chul_09_db,Sx_Memo,code2,2,,YES,varchar,5,varchar(5),,
chul_09_db,Sx_Memo,scode,3,,YES,char,1,char(1),,
chul_09_db,Sx_Memo,hcode,4,,YES,varchar,5,varchar(5),MUL,
chul_09_db,Sx_Memo,gdate,5,,YES,varchar,10,varchar(10),,
chul_09_db,Sx_Memo,gcode,6,,YES,varchar,5,varchar(5),,
chul_09_db,Sx_Memo,gubun,7,,YES,varchar,4,varchar(4),,
chul_09_db,Sx_Memo,jubun,8,,YES,char,2,char(2),,
chul_09_db,Sx_Memo,gbigo,9,,YES,varchar,50,varchar(50),,
chul_09_db,Sx_Memo,gjisa,10,,YES,varchar,30,varchar(30),,
chul_09_db,Sx_Memo,gmemo,11,CURRENT_TIMESTAMP,NO,timestamp,,timestamp,,on update CURRENT_TIMESTAMP
chul_09_db,T1_Gbun,id,1,,NO,int,,int(11),PRI,auto_increment
chul_09_db,T1_Gbun,hcode,2,,YES,varchar,5,varchar(5),MUL,
chul_09_db,T1_Gbun,gcode,3,,YES,varchar,5,varchar(5),,
chul_09_db,T1_Gbun,gname,4,,YES,varchar,20,varchar(20),,
chul_09_db,T1_Gbun,gjisa,5,,YES,varchar,30,varchar(30),,
chul_09_db,T1_Gbun,jubun,6,,YES,varchar,15,varchar(15),,
chul_09_db,T1_Gbun,bebon,7,,YES,varchar,10,varchar(10),,
chul_09_db,T1_Gbun,check,8,,YES,char,1,char(1),,
chul_09_db,T1_Gbun,gmemo,9,CURRENT_TIMESTAMP,NO,timestamp,,timestamp,,on update CURRENT_TIMESTAMP
chul_09_db,T1_Ssub,id,1,,NO,int,,int(11),PRI,auto_increment
chul_09_db,T1_Ssub,hcode,2,,YES,varchar,5,varchar(5),MUL,
chul_09_db,T1_Ssub,gdate,3,,YES,varchar,10,varchar(10),,
chul_09_db,T1_Ssub,gcode,4,,YES,varchar,5,varchar(5),,
chul_09_db,T1_Ssub,gname,5,,YES,varchar,50,varchar(50),,
chul_09_db,T1_Ssub,name1,6,,YES,varchar,30,varchar(30),,
chul_09_db,T1_Ssub,name2,7,,YES,varchar,30,varchar(30),,
chul_09_db,T1_Ssub,gnumb,8,,YES,varchar,30,varchar(30),,
chul_09_db,T1_Ssub,gbigo,9,,YES,varchar,50,varchar(50),,
chul_09_db,T1_Ssub,gssum,10,,YES,double,,"double(10,0)",,
chul_09_db,T1_Ssub,check,11,,YES,char,1,char(1),,
chul_09_db,T1_Ssub,gmemo,12,CURRENT_TIMESTAMP,NO,timestamp,,timestamp,,on update CURRENT_TIMESTAMP
chul_09_db,T2_Ssub,id,1,,NO,int,,int(11),PRI,auto_increment
chul_09_db,T2_Ssub,gdate,2,,YES,varchar,10,varchar(10),MUL,
chul_09_db,T2_Ssub,sdate,3,,YES,varchar,10,varchar(10),,
chul_09_db,T2_Ssub,hcode,4,,YES,varchar,5,varchar(5),,
chul_09_db,T2_Ssub,sum01,5,,YES,double,,"double(10,0)",,
chul_09_db,T2_Ssub,sum02,6,,YES,double,,"double(10,0)",,
chul_09_db,T2_Ssub,sum03,7,,YES,double,,"double(10,0)",,
chul_09_db,T2_Ssub,sum04,8,,YES,double,,"double(10,0)",,
chul_09_db,T2_Ssub,sum05,9,,YES,double,,"double(10,0)",,
chul_09_db,T2_Ssub,sum06,10,,YES,double,,"double(10,0)",,
chul_09_db,T2_Ssub,sum07,11,,YES,double,,"double(10,0)",,
chul_09_db,T2_Ssub,sum08,12,,YES,double,,"double(10,0)",,
chul_09_db,T2_Ssub,sum09,13,,YES,double,,"double(10,0)",,
chul_09_db,T2_Ssub,sum10,14,,YES,double,,"double(10,0)",,
chul_09_db,T2_Ssub,sum11,15,,YES,double,,"double(10,0)",,
chul_09_db,T2_Ssub,sum12,16,,YES,double,,"double(10,0)",,
chul_09_db,T2_Ssub,sum13,17,,YES,double,,"double(10,0)",,
chul_09_db,T2_Ssub,sum14,18,,YES,double,,"double(10,0)",,
chul_09_db,T2_Ssub,sum15,19,,YES,double,,"double(10,0)",,
chul_09_db,T2_Ssub,sum16,20,,YES,double,,"double(10,0)",,
chul_09_db,T2_Ssub,sum17,21,,YES,double,,"double(10,0)",,
chul_09_db,T2_Ssub,sum18,22,,YES,double,,"double(10,0)",,
chul_09_db,T2_Ssub,sum19,23,,YES,double,,"double(10,0)",,
chul_09_db,T2_Ssub,sum20,24,,YES,double,,"double(10,0)",,
chul_09_db,T2_Ssub,sum21,25,,YES,double,,"double(10,0)",,
chul_09_db,T2_Ssub,sum22,26,,YES,double,,"double(10,0)",,
chul_09_db,T2_Ssub,sum23,27,,YES,double,,"double(10,0)",,
chul_09_db,T2_Ssub,sum24,28,,YES,double,,"double(10,0)",,
chul_09_db,T2_Ssub,sum25,29,,YES,double,,"double(10,0)",,
chul_09_db,T2_Ssub,sum26,30,,YES,double,,"double(10,0)",,
chul_09_db,T2_Ssub,sum27,31,,YES,double,,"double(10,0)",,
chul_09_db,T2_Ssub,sum28,32,,YES,double,,"double(10,0)",,
chul_09_db,T2_Ssub,sum29,33,,YES,double,,"double(10,0)",,
chul_09_db,T2_Ssub,sum30,34,,YES,double,,"double(10,0)",,
chul_09_db,T2_Ssub,sum31,35,,YES,double,,"double(10,0)",,
chul_09_db,T2_Ssub,sum32,36,,YES,double,,"double(10,0)",,
chul_09_db,T2_Ssub,sum33,37,,YES,double,,"double(10,0)",,
chul_09_db,T2_Ssub,sum34,38,,YES,double,,"double(10,0)",,
chul_09_db,T2_Ssub,sum35,39,,YES,double,,"double(10,0)",,
chul_09_db,T2_Ssub,sum36,40,,YES,double,,"double(10,0)",,
chul_09_db,T2_Ssub,sum37,41,,YES,double,,"double(10,0)",,
chul_09_db,T2_Ssub,sum40,42,,YES,double,,"double(10,0)",,
chul_09_db,T2_Ssub,sum41,43,,YES,double,,"double(10,0)",,
chul_09_db,T2_Ssub,sum42,44,,YES,double,,"double(10,0)",,
chul_09_db,T2_Ssub,sum43,45,,YES,double,,"double(10,0)",,
chul_09_db,T2_Ssub,sum44,46,,YES,double,,"double(10,0)",,
chul_09_db,T2_Ssub,sum45,47,,YES,double,,"double(10,0)",,
chul_09_db,T2_Ssub,sum46,48,,YES,double,,"double(10,0)",,
chul_09_db,T2_Ssub,sum47,49,,YES,double,,"double(10,0)",,
chul_09_db,T2_Ssub,sum48,50,,YES,double,,"double(10,0)",,
chul_09_db,T2_Ssub,sum50,51,,YES,double,,"double(10,0)",,
chul_09_db,T2_Ssub,sum51,52,,YES,double,,"double(10,0)",,
chul_09_db,T2_Ssub,sum52,53,,YES,double,,"double(10,0)",,
chul_09_db,T2_Ssub,sum53,54,,YES,double,,"double(10,0)",,
chul_09_db,T2_Ssub,sum54,55,,YES,double,,"double(10,0)",,
chul_09_db,T2_Ssub,sum55,56,,YES,double,,"double(10,0)",,
chul_09_db,T2_Ssub,sum56,57,,YES,double,,"double(10,0)",,
chul_09_db,T2_Ssub,sum57,58,,YES,double,,"double(10,0)",,
chul_09_db,T2_Ssub,sum58,59,,YES,double,,"double(10,0)",,
chul_09_db,T2_Ssub,sum59,60,,YES,double,,"double(10,0)",,
chul_09_db,T2_Ssub,sum61,61,,YES,double,,"double(10,0)",,
chul_09_db,T2_Ssub,sum62,62,,YES,double,,"double(10,0)",,
chul_09_db,T2_Ssub,sum63,63,,YES,double,,"double(10,0)",,
chul_09_db,T2_Ssub,sum64,64,,YES,double,,"double(10,0)",,
chul_09_db,T2_Ssub,sum65,65,,YES,double,,"double(10,0)",,
chul_09_db,T2_Ssub,sum66,66,,YES,double,,"double(10,0)",,
chul_09_db,T2_Ssub,sum67,67,,YES,double,,"double(10,0)",,
chul_09_db,T2_Ssub,sum68,68,,YES,double,,"double(10,0)",,
chul_09_db,T2_Ssub,sum69,69,,YES,double,,"double(10,0)",,
chul_09_db,T2_Ssub,sum70,70,,YES,double,,"double(10,0)",,
chul_09_db,T2_Ssub,sum71,71,,YES,double,,"double(10,0)",,
chul_09_db,T2_Ssub,sum72,72,,YES,double,,"double(10,0)",,
chul_09_db,T2_Ssub,gsusu,73,,YES,double,,"double(10,0)",,
chul_09_db,T2_Ssub,vdate,74,,YES,varchar,10,varchar(10),,
chul_09_db,T2_Ssub,bigo1,75,,YES,varchar,50,varchar(50),,
chul_09_db,T2_Ssub,bigo2,76,,YES,varchar,50,varchar(50),,
chul_09_db,T2_Ssub,yesno,77,,YES,varchar,5,varchar(5),,
chul_09_db,T2_Ssub,chek1,78,,YES,varchar,5,varchar(5),,
chul_09_db,T2_Ssub,chek2,79,,YES,datetime,,datetime,,
chul_09_db,T2_Ssub,chek3,80,,YES,varchar,5,varchar(5),,
chul_09_db,T2_Ssub,check,81,,YES,char,1,char(1),,
chul_09_db,T2_Ssub,gmemo,82,CURRENT_TIMESTAMP,NO,timestamp,,timestamp,,on update CURRENT_TIMESTAMP
chul_09_db,T3_Ssub,id,1,,NO,int,,int(11),PRI,auto_increment
chul_09_db,T3_Ssub,hcode,2,,YES,varchar,5,varchar(5),MUL,
chul_09_db,T3_Ssub,gdate,3,,YES,varchar,10,varchar(10),,
chul_09_db,T3_Ssub,gcode,4,,YES,varchar,5,varchar(5),,
chul_09_db,T3_Ssub,gname,5,,YES,varchar,50,varchar(50),,
chul_09_db,T3_Ssub,name1,6,,YES,varchar,30,varchar(30),,
chul_09_db,T3_Ssub,name2,7,,YES,varchar,30,varchar(30),,
chul_09_db,T3_Ssub,gqut1,8,,YES,double,,"double(10,0)",,
chul_09_db,T3_Ssub,gqut2,9,,YES,double,,"double(10,0)",,
chul_09_db,T3_Ssub,gqut3,10,,YES,double,,"double(10,0)",,
chul_09_db,T3_Ssub,gqut4,11,,YES,double,,"double(10,0)",,
chul_09_db,T3_Ssub,gqut5,12,,YES,double,,"double(10,0)",,
chul_09_db,T3_Ssub,gqut6,13,,YES,double,,"double(10,0)",,
chul_09_db,T3_Ssub,gqut7,14,,YES,double,,"double(10,0)",,
chul_09_db,T3_Ssub,gqut8,15,,YES,double,,"double(10,0)",,
chul_09_db,T3_Ssub,gqut9,16,,YES,double,,"double(10,0)",,
chul_09_db,T3_Ssub,gsqut,17,,YES,double,,"double(10,0)",,
chul_09_db,T3_Ssub,gsum1,18,,YES,double,,"double(10,0)",,
chul_09_db,T3_Ssub,gsum2,19,,YES,double,,"double(10,0)",,
chul_09_db,T3_Ssub,gssum,20,,YES,double,,"double(10,0)",,
chul_09_db,T3_Ssub,yesno,21,,YES,varchar,5,varchar(5),,
chul_09_db,T3_Ssub,check,22,,YES,char,1,char(1),,
chul_09_db,T3_Ssub,gmemo,23,CURRENT_TIMESTAMP,NO,timestamp,,timestamp,,on update CURRENT_TIMESTAMP
chul_09_db,T4_Ssub,id,1,,NO,int,,int(11),PRI,auto_increment
chul_09_db,T4_Ssub,hcode,2,,YES,varchar,5,varchar(5),MUL,
chul_09_db,T4_Ssub,gdate,3,,YES,varchar,10,varchar(10),,
chul_09_db,T4_Ssub,gcode,4,,YES,varchar,5,varchar(5),,
chul_09_db,T4_Ssub,gjisa,5,,YES,varchar,30,varchar(30),,
chul_09_db,T4_Ssub,jubun,6,,YES,char,2,char(2),,
chul_09_db,T4_Ssub,pubun,7,,YES,char,2,char(2),,
chul_09_db,T4_Ssub,gsqut,8,,YES,double,,"double(10,0)",,
chul_09_db,T4_Ssub,gqut1,9,,YES,double,,"double(10,0)",,
chul_09_db,T4_Ssub,gqut2,10,,YES,double,,"double(10,0)",,
chul_09_db,T4_Ssub,gqut3,11,,YES,double,,"double(10,0)",,
chul_09_db,T4_Ssub,gbigo,12,,YES,varchar,50,varchar(50),,
chul_09_db,T4_Ssub,yesno,13,,YES,varchar,5,varchar(5),,
chul_09_db,T4_Ssub,check,14,,YES,char,1,char(1),,
chul_09_db,T4_Ssub,gmemo,15,CURRENT_TIMESTAMP,NO,timestamp,,timestamp,,on update CURRENT_TIMESTAMP
chul_09_db,T5_Ssub,id,1,,NO,int,,int(11),PRI,auto_increment
chul_09_db,T5_Ssub,hcode,2,,YES,varchar,5,varchar(5),MUL,
chul_09_db,T5_Ssub,gdate,3,,YES,varchar,10,varchar(10),,
chul_09_db,T5_Ssub,gssum,4,,YES,double,,"double(10,0)",,
chul_09_db,T5_Ssub,pubun,5,,YES,varchar,4,varchar(4),,
chul_09_db,T5_Ssub,gbigo,6,,YES,varchar,50,varchar(50),,
chul_09_db,T5_Ssub,check,7,,YES,char,1,char(1),,
chul_09_db,T5_Ssub,gmemo,8,CURRENT_TIMESTAMP,NO,timestamp,,timestamp,,on update CURRENT_TIMESTAMP
chul_09_db,T6_Ssub,id,1,,NO,int,,int(11),PRI,auto_increment
chul_09_db,T6_Ssub,hcode,2,,YES,varchar,5,varchar(5),MUL,
chul_09_db,T6_Ssub,gdate,3,,YES,varchar,10,varchar(10),,
chul_09_db,T6_Ssub,gcode,4,,YES,varchar,5,varchar(5),,
chul_09_db,T6_Ssub,gname,5,,YES,varchar,50,varchar(50),,
chul_09_db,T6_Ssub,name1,6,,YES,varchar,30,varchar(30),,
chul_09_db,T6_Ssub,name2,7,,YES,varchar,30,varchar(30),,
chul_09_db,T6_Ssub,gnumb,8,,YES,varchar,30,varchar(30),,
chul_09_db,T6_Ssub,gbigo,9,,YES,varchar,50,varchar(50),,
chul_09_db,T6_Ssub,gqut1,10,,YES,double,,"double(10,0)",,
chul_09_db,T6_Ssub,gqut2,11,,YES,double,,"double(10,0)",,
chul_09_db,T6_Ssub,check,12,,YES,char,1,char(1),,
chul_09_db,T6_Ssub,gmemo,13,CURRENT_TIMESTAMP,NO,timestamp,,timestamp,,on update CURRENT_TIMESTAMP
chul_09_db,T7_Ssub,id,1,,NO,int,,int(11),PRI,auto_increment
chul_09_db,T7_Ssub,hcode,2,,YES,varchar,5,varchar(5),MUL,
chul_09_db,T7_Ssub,gdate,3,,YES,varchar,10,varchar(10),,
chul_09_db,T7_Ssub,gcode,4,,YES,varchar,5,varchar(5),,
chul_09_db,T7_Ssub,gname,5,,YES,varchar,50,varchar(50),,
chul_09_db,T7_Ssub,name1,6,,YES,varchar,30,varchar(30),,
chul_09_db,T7_Ssub,name2,7,,YES,varchar,30,varchar(30),,
chul_09_db,T7_Ssub,gnumb,8,,YES,varchar,30,varchar(30),,
chul_09_db,T7_Ssub,gbigo,9,,YES,varchar,50,varchar(50),,
chul_09_db,T7_Ssub,gsqut,10,,YES,double,,"double(10,0)",,
chul_09_db,T7_Ssub,gdang,11,,YES,double,,"double(10,0)",,
chul_09_db,T7_Ssub,gssum,12,,YES,double,,"double(10,0)",,
chul_09_db,T7_Ssub,check,13,,YES,char,1,char(1),,
chul_09_db,T7_Ssub,gmemo,14,CURRENT_TIMESTAMP,NO,timestamp,,timestamp,,on update CURRENT_TIMESTAMP
